credit,status_existing_account,salary,purpose,job,saving_account,duration,credit_hist,present_employment,installment_rate_income,sex_status,debtors_guarantors,present_residence,property,other_installment_plans,housing,existing_credits,dependants,telephone,foreign_worker,credit_amount,age
0,1,2,2,2,0,12,4,4,4,3,0,4,1,0,2,2,1,1,1,58500000,67
0,2,2,1,2,1,48,2,2,2,2,0,2,1,0,2,1,1,0,1,298000000,22
1,0,1,1,1,1,12,4,3,2,3,0,3,1,0,2,1,2,0,1,105000000,49
1,1,2,1,2,1,48,2,3,2,3,2,4,2,0,0,1,2,0,1,394000000,45
0,1,2,1,2,1,24,3,2,3,3,0,4,0,0,0,2,2,0,1,244000000,53
1,0,1,3,1,0,36,2,2,2,3,0,4,0,0,0,1,2,1,1,453000000,35
0,0,2,1,2,3,24,2,4,3,3,0,4,2,0,2,1,1,0,1,142000000,53
1,2,3,1,3,1,36,2,2,2,3,0,2,3,0,1,1,1,1,1,347000000,35
0,0,1,1,1,4,12,2,3,2,1,0,4,1,0,2,1,1,0,1,153000000,61
0,2,3,1,3,1,36,4,0,4,4,0,2,3,0,2,2,1,0,1,262000000,28
0,2,2,1,2,1,12,2,1,3,2,0,1,3,0,1,1,1,0,1,64800000,25
0,1,2,3,2,1,48,2,1,3,2,0,4,2,0,1,1,1,0,1,400000000,24
1,2,2,2,2,1,12,2,2,1,2,0,1,3,0,2,1,1,1,1,78400000,22
0,1,1,1,1,1,24,4,4,4,3,0,4,3,0,2,2,1,0,1,60000000,60
1,1,2,1,2,1,12,2,2,2,2,0,4,3,0,1,1,1,0,1,70200000,28
0,1,1,2,1,2,24,2,2,4,2,0,2,3,0,2,1,1,0,1,64100000,32
0,0,2,1,2,0,24,4,4,4,3,0,4,2,0,2,2,1,0,1,121000000,53
1,1,2,3,2,0,36,0,1,2,3,0,3,3,1,2,3,1,0,1,404000000,25
0,2,3,1,3,1,24,2,4,4,2,0,2,0,0,0,1,1,1,1,629000000,44
1,0,2,1,2,3,24,2,4,3,3,0,2,3,0,2,1,2,1,1,172000000,31
1,0,2,1,2,1,12,4,2,4,3,0,4,3,0,2,3,1,1,1,107000000,48
1,1,2,1,2,3,12,2,2,2,3,0,3,1,0,1,1,2,0,1,132000000,44
1,1,1,1,1,1,12,4,1,1,3,0,3,1,0,1,2,2,0,0,112000000,48
1,2,2,1,2,2,12,4,1,3,3,0,4,2,0,2,1,1,0,1,90200000,44
1,0,2,1,2,0,12,4,2,2,4,0,1,3,0,2,2,1,0,0,103000000,26
1,1,1,2,1,1,12,2,2,1,3,0,2,1,1,2,1,1,1,1,68700000,36
1,0,1,2,1,1,12,0,4,4,4,0,4,3,0,2,1,1,0,1,21300000,39
1,3,2,2,2,4,12,1,2,3,2,0,3,1,0,1,2,1,0,1,20500000,42
1,2,2,1,2,1,12,2,2,3,3,2,2,1,0,2,1,1,0,1,121000000,34
0,1,2,3,2,1,60,3,4,3,3,0,4,0,0,2,2,1,1,1,342000000,63
1,2,2,3,2,4,36,2,1,3,4,0,3,1,1,2,1,1,1,1,350000000,36
1,1,2,1,2,1,24,2,2,2,3,0,2,3,2,2,1,1,0,1,201000000,27
1,2,2,1,2,2,24,2,2,2,3,0,2,3,0,2,2,1,1,1,293000000,30
0,0,1,3,1,0,12,4,4,4,3,0,4,0,0,1,1,1,0,1,350000000,57
1,3,3,2,3,1,12,2,1,4,2,0,1,2,1,2,1,1,1,1,73700000,33
0,2,1,1,1,1,48,4,1,4,3,0,2,2,0,2,2,1,0,1,237000000,25
1,0,2,1,2,1,48,4,2,1,3,0,3,0,1,0,1,1,1,1,306000000,31
0,3,2,1,2,1,24,2,2,4,3,1,2,1,2,2,1,1,0,1,105000000,37
1,3,2,2,2,1,12,2,2,2,3,0,2,3,0,2,1,1,1,1,61300000,37
1,2,2,2,2,1,12,2,2,4,3,0,3,1,0,2,1,1,0,1,22900000,24
1,0,3,1,3,3,36,2,4,4,3,0,2,3,1,2,1,1,0,1,117000000,30
1,2,2,2,2,3,12,2,2,3,1,0,1,3,0,2,1,1,1,1,57900000,26
1,2,1,1,1,1,24,3,2,2,3,0,4,1,0,2,1,2,1,1,310000000,44
1,1,2,1,2,2,36,4,3,1,4,0,4,3,0,1,2,1,0,1,309000000,24
0,1,1,1,1,1,48,4,4,4,2,0,4,0,2,0,2,1,0,1,307000000,58
1,0,3,1,3,1,12,4,1,4,2,0,4,3,0,2,2,1,0,1,69700000,35
1,0,2,1,2,3,36,2,4,4,3,0,4,3,0,2,1,1,0,1,115000000,39
0,1,0,1,0,3,12,2,0,1,2,0,2,2,0,1,1,1,1,1,67600000,23
1,0,1,1,1,1,12,4,2,1,3,0,4,2,0,2,2,1,0,1,361000000,39
1,0,2,1,2,2,12,2,2,4,2,1,2,1,0,2,1,1,0,1,104000000,28
1,2,1,1,1,0,24,3,1,4,3,0,2,2,1,2,1,1,0,1,117000000,29
1,2,3,1,3,1,24,3,4,1,3,0,2,3,0,2,2,1,1,1,298000000,30
1,0,2,2,2,1,12,2,2,3,3,0,2,3,0,2,1,1,0,1,63100000,25
1,0,2,1,2,0,24,2,2,2,3,0,1,2,0,2,1,1,1,1,169000000,31
0,2,2,1,2,1,36,3,4,4,3,0,4,0,1,0,2,1,1,1,111000000,57
1,0,1,1,1,0,12,1,2,1,3,2,2,1,2,2,1,2,0,1,39200000,26
0,2,3,1,3,0,12,2,0,2,3,0,1,0,0,2,1,1,1,1,323000000,52
1,0,2,3,2,1,36,4,2,2,2,0,2,3,2,2,2,1,0,1,478000000,31
1,3,3,1,3,1,24,2,4,3,2,0,2,3,0,2,1,1,0,1,98100000,23
0,1,1,1,1,1,36,4,1,4,2,1,4,0,0,1,2,1,1,1,311000000,23
1,2,2,3,2,1,12,2,2,2,4,0,1,1,1,2,1,1,1,1,350000000,27
1,2,2,2,2,0,12,4,4,4,3,2,4,1,0,2,2,1,1,1,76900000,50
0,2,3,3,3,1,36,0,4,4,3,0,4,0,0,0,1,1,1,1,350000000,61
0,2,2,3,2,1,48,0,2,2,3,0,2,3,0,2,1,1,1,1,721000000,25
1,0,2,1,2,1,24,2,1,4,2,0,4,2,0,2,1,1,1,1,159000000,26
1,0,2,1,2,0,24,2,4,4,3,0,4,2,0,2,4,2,1,1,260000000,48
1,0,2,1,2,1,12,2,1,2,2,0,2,3,1,2,1,1,0,1,109000000,29
1,2,2,1,2,4,12,2,2,4,4,0,1,1,0,2,1,1,0,1,50400000,22
0,0,2,2,2,1,36,2,2,4,3,0,4,0,2,0,1,1,1,1,91000000,37
1,0,2,1,2,0,36,2,2,4,2,0,4,3,0,2,1,1,0,1,120000000,25
1,0,2,1,2,1,36,2,2,1,2,0,2,2,1,2,1,1,0,1,407000000,30
1,0,1,2,1,0,12,4,4,4,3,0,2,2,0,1,2,1,1,1,36500000,46
1,1,3,2,3,1,12,4,4,3,3,0,4,0,1,0,2,2,1,1,58200000,51
1,2,1,3,1,1,48,4,3,2,2,0,1,1,1,2,2,1,0,1,400000000,41
0,1,3,2,3,0,36,2,4,4,3,0,4,0,0,2,1,1,1,1,98900000,40
0,1,3,1,3,1,12,4,4,4,3,0,4,0,0,0,2,1,0,1,76300000,66
0,1,2,1,2,1,48,2,1,4,3,0,3,3,0,2,1,1,0,1,198000000,34
1,2,2,1,2,1,12,3,3,2,3,0,4,2,0,2,1,1,0,1,239000000,51
1,0,1,1,1,0,60,0,2,2,3,0,2,2,0,2,1,2,0,1,472000000,39
1,2,2,1,2,1,36,2,1,2,4,0,1,2,0,2,1,1,0,1,192000000,22
0,0,2,1,2,0,24,2,1,1,2,0,1,3,0,2,2,1,1,1,297000000,44
1,0,2,2,2,3,12,2,4,4,3,0,3,2,2,2,1,1,1,1,60700000,47
1,0,1,3,1,2,24,2,2,3,2,0,4,2,0,1,1,1,0,1,350000000,24
0,1,1,2,1,1,24,2,4,4,2,2,4,1,0,2,1,1,1,1,87800000,58
1,1,1,1,1,1,12,2,4,3,3,0,4,1,0,2,1,1,0,1,116000000,52
1,0,3,3,3,1,12,4,2,4,2,2,2,1,0,2,2,1,1,1,350000000,29
1,2,2,2,2,1,24,4,1,4,2,0,1,2,0,2,2,1,0,1,64800000,27
0,2,2,3,2,2,36,2,2,1,3,0,4,0,0,0,1,2,1,1,631000000,47
1,1,3,1,3,2,24,2,3,4,3,0,3,3,0,2,1,2,1,1,112000000,30
0,1,2,2,2,1,12,0,3,4,3,0,3,1,0,2,2,1,0,1,55400000,28
0,0,2,2,2,1,12,4,4,4,3,0,4,1,0,2,1,1,0,1,30900000,56
0,1,2,1,2,1,12,4,4,4,3,0,3,1,0,2,1,1,0,1,70500000,54
0,0,1,2,1,0,12,4,4,4,2,0,3,2,1,2,1,2,0,1,39900000,33
0,3,2,1,2,0,24,4,4,4,3,1,4,0,0,1,2,1,0,1,181000000,20
0,2,2,1,2,4,12,2,4,4,3,0,4,1,0,2,1,1,1,1,65900000,54
0,2,2,3,2,1,60,0,1,3,3,0,4,0,0,1,1,1,1,1,797000000,58
0,0,2,1,2,0,12,4,3,4,2,0,2,3,0,2,1,1,0,1,101000000,61
1,2,2,3,2,2,24,2,2,4,3,0,4,3,0,2,1,1,0,1,385000000,34
1,2,2,1,2,1,36,4,4,4,3,0,4,1,0,2,1,1,0,1,117000000,36
1,2,3,1,3,0,24,3,3,3,3,0,4,2,1,1,2,2,1,1,353000000,36
1,0,1,1,1,2,24,2,4,4,4,0,4,1,0,1,1,1,0,1,73500000,41
1,2,2,1,2,1,36,2,3,4,3,0,4,3,0,1,1,1,0,1,116000000,24
1,0,2,2,2,1,12,3,2,3,2,0,2,1,0,2,1,1,0,1,46600000,24
1,2,2,2,2,1,12,4,3,4,3,0,3,3,0,1,1,1,1,1,96000000,35
1,0,2,1,2,0,12,2,1,2,4,0,4,3,0,1,1,1,1,1,122000000,26
0,2,3,3,3,1,24,4,2,2,3,1,3,3,0,2,2,2,1,1,597000000,39
0,0,3,1,3,1,24,1,4,2,3,0,4,0,1,2,2,2,1,1,323000000,39
1,2,2,1,2,1,12,2,3,2,3,0,2,3,0,2,1,1,0,1,304000000,32
1,1,2,1,2,0,24,2,1,1,2,0,2,2,0,2,1,1,1,0,386000000,30
1,2,2,3,2,3,12,2,4,1,4,0,2,1,0,2,1,1,1,1,350000000,35
1,2,2,3,2,2,12,3,4,1,1,0,2,3,1,2,2,2,0,1,350000000,31
1,3,2,2,2,1,12,2,1,4,2,0,4,2,0,1,1,1,1,1,19600000,23
1,2,1,1,1,1,24,2,3,3,3,0,3,1,0,1,1,1,0,1,313000000,28
0,0,2,1,2,1,36,4,2,4,2,0,2,1,2,2,2,1,1,1,393000000,25
1,1,2,2,2,3,12,2,4,3,4,0,1,1,0,2,1,1,0,1,84000000,35
1,0,2,1,2,0,48,4,4,4,3,0,1,1,0,2,1,1,1,1,179000000,47
0,1,3,1,3,0,48,2,3,4,2,0,3,3,0,2,1,1,1,1,359000000,30
1,1,2,1,2,0,12,4,1,2,2,1,3,1,0,1,2,1,0,0,107000000,27
0,1,2,1,2,3,36,4,2,1,2,0,4,3,0,2,2,1,0,1,214000000,23
1,2,3,1,3,3,12,4,3,3,1,0,3,3,0,2,1,1,1,1,118000000,36
0,1,2,2,2,1,24,2,2,3,2,0,2,1,0,2,2,1,1,1,91800000,25
1,0,3,1,3,1,24,4,4,4,2,0,2,3,0,1,2,1,1,1,193000000,41
1,0,1,2,1,1,12,2,2,3,3,0,2,1,0,1,1,1,0,1,88400000,24
0,3,2,1,2,1,12,4,4,4,3,0,4,0,0,0,2,1,1,1,39100000,63
0,2,2,2,2,0,24,2,1,4,2,0,3,1,0,1,1,1,0,1,96200000,27
1,1,2,1,2,1,12,4,2,4,3,0,2,2,0,2,2,1,0,1,106000000,30
1,1,1,2,1,1,12,2,2,4,4,0,2,1,0,2,1,1,0,1,35100000,40
0,2,2,2,2,1,12,2,2,4,3,0,2,3,0,2,1,1,0,1,32000000,30
0,2,3,1,3,1,12,4,0,4,3,0,2,3,0,2,2,1,1,1,93000000,34
0,1,2,1,2,1,12,4,2,3,2,1,2,1,0,2,2,1,0,1,175000000,29
1,2,2,1,2,0,48,2,3,1,2,0,2,3,0,2,1,1,0,1,424000000,24
0,1,2,1,2,1,36,3,2,4,3,0,3,2,2,2,1,1,1,1,344000000,29
1,0,1,1,1,1,12,2,1,2,3,0,3,2,1,2,2,1,0,1,135000000,27
1,0,2,2,2,1,24,2,2,4,3,0,4,0,1,0,2,1,0,1,99200000,47
1,0,2,3,2,2,60,2,3,2,2,0,4,1,0,2,1,1,1,1,507000000,21
1,0,2,2,2,0,12,4,4,4,2,0,2,1,0,2,2,1,1,1,62000000,38
1,0,2,1,2,4,24,3,2,2,3,0,2,3,0,2,2,1,0,1,431000000,27
0,2,1,2,1,3,12,2,2,4,3,0,3,1,0,2,1,1,0,1,38300000,66
1,2,2,1,2,0,12,4,3,4,3,2,2,1,1,2,3,1,1,1,136000000,35
1,3,1,2,1,1,12,2,2,2,2,0,2,3,0,1,1,1,1,1,94100000,44
0,3,0,1,0,4,12,2,1,2,4,0,2,1,0,2,1,1,0,0,35500000,27
1,2,3,1,3,1,36,2,1,4,2,0,1,0,0,2,1,1,1,1,240000000,30
1,1,3,1,3,1,24,2,2,3,3,0,2,3,0,2,1,1,0,1,171000000,27
0,1,2,1,2,1,24,2,2,2,3,0,2,3,0,2,1,1,0,1,123000000,22
1,0,2,1,2,1,24,4,1,4,2,0,4,2,0,2,1,1,1,1,114000000,23
1,2,2,3,2,2,48,1,3,4,3,0,2,3,0,2,1,1,0,1,385000000,30
1,1,2,1,2,1,12,4,4,1,2,0,4,0,0,2,2,1,1,1,43000000,39
1,0,2,1,2,2,12,4,3,4,2,0,3,3,0,2,2,1,1,1,34100000,51
1,1,2,1,2,1,36,4,2,3,3,2,2,2,0,2,2,1,0,1,269000000,28
1,0,2,2,2,4,24,4,4,4,3,0,4,3,0,2,2,1,0,1,79100000,46
1,0,2,2,2,2,12,2,4,2,3,0,4,0,1,0,1,2,1,1,67300000,42
1,0,2,2,2,1,12,2,2,1,3,0,4,2,0,2,1,1,1,0,96200000,38
1,3,2,1,2,1,36,2,2,4,3,0,1,3,0,2,1,1,0,1,292000000,24
1,2,2,1,2,4,24,4,4,2,2,0,4,0,0,1,1,1,0,1,388000000,29
1,2,3,3,3,2,24,3,3,4,3,0,4,3,0,1,1,1,1,1,348000000,36
0,1,2,2,2,1,12,2,2,2,2,0,4,3,0,1,1,1,0,1,64100000,20
1,1,2,2,2,2,12,4,4,3,3,2,4,1,0,2,2,2,0,0,64400000,48
1,1,1,2,1,1,12,1,4,4,4,0,1,3,1,2,1,1,0,1,17000000,45
1,2,2,1,2,2,24,2,3,2,3,0,3,3,1,2,2,1,1,1,176000000,38
1,0,1,2,1,0,12,4,2,1,3,0,2,1,0,2,2,2,0,1,94900000,34
1,0,2,1,2,2,24,4,4,3,3,0,4,1,0,2,1,2,1,1,144000000,36
1,0,2,1,2,1,24,4,1,4,2,0,1,2,0,2,2,1,0,1,52800000,30
1,0,2,2,2,3,12,2,3,4,3,0,3,2,0,2,2,1,1,1,63100000,36
0,2,3,1,3,1,12,2,0,2,3,0,4,0,1,0,1,1,1,1,365000000,70
1,0,2,1,2,3,36,2,4,4,3,0,4,2,0,2,1,1,0,1,45500000,36
1,0,2,1,2,3,12,2,2,1,3,0,2,3,0,2,1,1,1,1,149000000,32
0,1,2,2,2,1,24,2,0,4,2,0,2,3,0,2,1,1,0,1,56600000,33
0,2,2,2,2,4,12,2,1,4,2,0,1,1,0,2,1,1,0,1,78900000,20
1,0,2,1,2,1,24,2,3,2,2,0,4,2,0,1,1,1,1,1,199000000,25
0,2,2,3,2,1,24,4,4,4,1,0,4,1,0,2,2,1,1,1,350000000,31
0,1,2,1,2,1,12,0,4,4,3,0,3,3,0,1,2,2,0,1,47500000,33
1,0,2,2,2,1,12,2,2,4,2,0,1,1,0,2,1,1,1,1,38200000,26
0,2,3,1,3,1,24,3,0,3,2,0,2,2,0,2,1,1,1,1,103000000,34
1,2,2,2,2,1,12,2,2,4,3,2,2,1,0,2,1,1,0,0,70700000,33
0,1,2,1,2,1,24,3,1,2,3,0,1,2,0,2,2,1,0,1,171000000,26
0,0,3,1,3,0,36,1,0,4,2,0,1,1,1,2,1,1,1,1,374000000,53
1,1,2,1,2,1,12,2,2,2,1,0,1,3,0,2,1,1,0,1,129000000,42
1,1,2,2,2,3,12,4,4,4,3,0,4,3,0,2,2,1,0,1,16900000,52
1,0,3,2,3,1,12,2,3,4,3,0,2,3,0,1,2,2,1,1,98200000,31
0,1,2,1,2,1,24,4,4,4,3,0,4,1,0,2,2,1,0,1,28600000,65
0,0,2,3,2,1,36,3,1,1,1,0,1,3,0,2,2,1,0,1,479000000,28
0,2,3,3,3,1,36,3,2,2,1,0,2,1,2,2,2,1,1,1,400000000,30
0,1,1,1,1,0,24,1,2,4,3,0,2,2,0,2,2,2,0,1,82400000,40
1,0,2,1,2,4,24,4,2,4,3,0,4,1,0,2,1,1,1,1,189000000,50
0,2,2,1,2,1,24,4,4,4,3,0,4,3,1,2,1,2,1,1,44200000,36
1,0,2,2,2,1,12,4,2,4,3,0,2,2,0,2,2,1,0,1,68000000,31
0,2,3,1,3,1,12,1,4,2,2,0,4,0,1,0,1,2,1,1,256000000,74
0,2,0,1,0,1,12,4,0,2,3,0,3,3,0,0,3,1,1,1,58800000,68
0,1,2,2,2,2,12,2,3,4,4,0,1,2,0,2,1,1,0,1,33700000,20
1,2,2,1,2,1,24,0,2,1,2,0,4,3,1,2,2,1,1,1,162000000,33
0,0,3,3,3,4,24,2,2,2,3,0,3,2,0,2,3,1,1,1,400000000,54
0,2,1,3,1,2,48,0,3,4,3,0,4,0,0,0,1,2,0,1,385000000,34
0,2,2,3,2,1,24,2,2,4,3,0,2,3,0,2,1,2,1,1,385000000,36
1,0,2,1,2,1,12,2,3,2,4,0,2,1,0,1,1,1,0,1,105000000,29
0,2,2,1,2,2,48,2,2,4,3,2,4,2,0,1,1,1,0,1,152000000,21
0,2,3,2,3,1,12,4,4,2,2,0,3,3,0,2,2,1,1,1,75100000,34
1,0,2,2,2,1,12,4,2,1,2,0,1,3,0,2,2,1,1,1,69100000,28
0,2,2,2,2,2,12,2,1,4,2,0,4,3,1,1,4,1,0,1,47600000,27
1,2,2,1,2,0,24,2,4,4,3,0,4,0,1,0,1,1,1,1,138000000,36
0,2,3,1,3,1,24,3,4,4,1,0,3,0,0,2,1,1,1,1,215000000,40
1,0,2,2,2,3,12,4,4,4,3,0,2,3,0,2,2,1,1,1,46800000,52
1,1,1,1,1,1,12,2,2,4,4,0,3,1,0,2,1,1,0,1,58400000,27
1,0,2,3,2,1,24,3,3,3,3,0,4,3,0,2,2,1,0,1,400000000,26
0,1,2,2,2,1,12,2,3,4,4,0,4,2,0,1,1,1,0,1,45100000,21
1,0,1,1,1,1,12,4,4,4,3,0,1,1,0,2,2,2,0,1,74800000,38
1,1,3,1,3,1,36,4,4,3,3,0,4,0,0,0,3,2,1,1,531000000,38
1,0,2,2,2,1,12,4,4,4,3,0,4,1,0,2,3,1,1,1,96800000,43
1,2,2,2,2,1,12,4,3,4,3,0,3,2,0,2,1,1,0,1,71200000,26
1,1,1,3,1,1,24,2,2,2,4,0,2,3,2,2,1,1,0,1,328000000,21
0,0,2,1,2,4,12,2,3,3,3,0,2,2,0,2,1,1,0,0,70700000,55
1,0,2,1,2,0,12,4,2,1,3,0,2,1,0,2,2,2,0,1,154000000,33
1,0,1,1,1,0,36,2,4,2,2,0,4,1,0,2,1,1,1,1,192000000,45
0,1,2,3,2,1,24,0,0,2,3,0,4,2,2,2,2,1,1,1,400000000,50
0,3,3,3,3,1,36,3,4,4,3,0,4,1,0,2,1,1,1,1,350000000,66
1,0,2,1,2,0,36,4,4,4,3,0,2,3,0,2,1,1,1,1,167000000,51
1,2,1,2,1,0,12,4,3,1,2,0,3,2,0,2,2,1,0,1,46600000,39
1,1,2,3,2,1,24,0,3,3,3,0,1,2,1,2,1,1,1,1,385000000,31
1,3,2,1,2,1,36,2,2,2,3,0,2,1,0,2,1,1,1,1,196000000,23
1,1,1,1,1,1,24,2,2,2,1,0,2,1,0,1,1,1,0,1,151000000,24
0,0,2,1,2,1,12,2,2,2,2,0,4,3,0,2,1,1,1,1,68200000,64
1,2,1,2,1,1,12,2,1,4,4,2,1,1,1,2,1,1,0,1,31300000,26
1,1,2,2,2,0,12,2,2,4,2,0,4,2,1,1,1,1,1,1,60000000,23
1,0,2,2,2,1,12,2,2,4,3,0,2,1,1,2,2,1,0,1,35400000,30
1,0,2,3,2,0,24,3,2,4,3,0,4,1,0,2,2,2,1,1,385000000,32
1,0,2,1,2,1,12,2,2,3,3,0,2,3,0,2,1,1,1,1,233000000,30
1,0,2,1,2,1,36,0,2,4,3,0,2,3,0,2,2,1,0,1,131000000,27
0,2,2,3,2,4,48,2,3,1,3,1,2,0,1,2,2,1,1,1,548000000,27
0,1,3,1,3,1,12,2,4,4,3,0,4,0,0,0,1,1,1,1,393000000,53
0,0,2,2,2,1,12,2,3,4,3,0,2,3,0,2,1,1,0,1,73900000,22
1,1,2,1,2,1,24,2,1,4,3,0,1,0,1,0,1,1,0,1,157000000,22
0,3,2,1,2,1,36,2,2,4,3,0,2,3,0,2,1,1,0,1,211000000,26
1,0,1,1,1,3,12,2,4,2,3,0,4,0,0,0,1,1,0,1,125000000,51
1,0,2,1,2,2,12,2,3,3,3,0,1,0,0,2,1,1,0,1,107000000,35
1,2,1,2,1,1,24,2,2,4,4,2,2,1,0,2,1,1,0,1,43300000,25
1,0,1,2,1,1,12,4,3,2,3,0,1,1,0,2,3,2,0,1,77200000,42
0,1,3,2,3,1,24,2,0,4,3,0,2,3,2,2,1,2,0,1,91200000,30
0,2,0,1,0,0,12,2,0,1,3,0,2,2,0,2,1,1,1,1,728000000,23
0,2,1,3,1,2,24,2,4,4,1,0,2,3,1,1,2,1,0,1,385000000,61
1,0,2,2,2,1,12,4,2,4,2,0,2,2,0,2,2,1,0,1,64600000,35
1,1,2,1,2,1,36,2,4,1,3,2,3,2,0,2,1,2,0,1,126000000,39
0,1,2,1,2,0,24,2,4,4,2,0,2,3,1,2,1,1,0,1,45800000,29
1,0,2,2,2,1,12,2,3,3,3,0,2,2,0,2,1,2,0,1,79800000,51
0,1,2,1,2,1,48,0,4,3,3,0,4,0,0,0,2,2,0,1,230000000,24
1,0,2,3,2,1,12,4,2,3,2,0,2,1,0,2,2,1,0,1,350000000,27
1,0,1,1,1,3,12,1,2,4,2,0,3,1,0,2,1,2,0,1,172000000,35
1,0,2,3,2,1,24,2,3,4,3,0,1,1,0,2,1,1,1,1,350000000,25
1,0,2,2,2,1,12,4,4,4,3,0,4,1,0,2,3,1,0,1,35900000,52
1,0,2,1,2,2,12,0,2,4,3,0,1,0,1,1,1,1,0,0,60200000,35
1,3,2,2,2,1,24,2,2,2,3,0,2,1,0,2,1,1,0,1,96300000,26
0,0,2,2,2,1,24,2,0,3,2,1,4,1,0,1,1,1,0,1,21700000,22
1,1,1,1,1,4,12,4,3,3,2,0,4,1,0,2,2,1,1,1,33300000,39
1,3,1,1,1,1,12,2,2,1,2,0,2,3,0,2,1,1,0,1,113000000,46
0,2,2,1,2,1,36,2,2,4,2,2,2,0,1,2,1,1,0,1,108000000,24
1,0,2,1,2,2,24,3,2,2,3,0,3,2,0,2,2,1,0,1,208000000,35
1,2,2,1,2,0,12,2,3,2,3,0,1,3,0,2,1,1,1,1,102000000,24
1,2,1,1,1,0,60,3,2,1,3,0,1,1,0,2,1,1,0,1,371000000,27
1,0,1,1,1,1,24,4,2,4,3,0,2,1,0,2,2,1,0,1,134000000,35
0,1,2,1,2,1,12,1,2,4,1,0,1,0,0,0,1,1,0,1,107000000,29
1,0,2,1,2,2,12,2,1,1,2,0,4,3,0,2,1,1,1,1,191000000,23
0,0,1,2,1,2,12,4,0,4,2,0,4,1,0,2,3,1,0,1,57700000,57
1,1,2,2,2,1,12,2,2,2,3,0,2,1,0,2,1,1,0,1,82900000,27
0,1,2,2,2,1,24,2,4,4,2,0,4,3,0,2,1,1,0,1,80200000,55
1,1,3,1,3,1,24,4,4,2,3,0,4,0,0,0,3,1,1,1,265000000,36
0,0,1,1,1,1,12,4,4,2,2,0,4,0,1,0,3,1,0,1,137000000,57
1,0,1,1,1,1,12,4,4,3,3,0,4,1,0,2,2,2,0,0,61600000,32
0,2,2,2,2,1,12,2,4,4,3,0,3,3,0,2,1,2,0,1,40100000,37
1,0,2,3,2,0,36,4,4,4,3,0,4,1,0,2,2,1,0,1,315000000,36
1,0,2,2,2,1,24,2,1,4,2,0,3,3,2,2,1,1,1,1,76700000,38
0,1,3,1,3,1,12,2,4,1,1,0,4,2,0,2,1,1,1,0,449000000,45
1,0,2,2,2,0,24,2,4,4,3,0,2,3,0,2,2,1,0,1,50000000,25
1,0,2,1,2,0,24,2,3,4,3,0,3,2,0,2,1,1,0,0,133000000,32
1,0,2,2,2,3,12,4,3,3,2,0,4,3,0,1,1,1,1,1,70100000,37
0,2,3,1,3,0,48,1,0,4,3,1,4,0,0,0,1,1,1,1,608000000,36
0,2,2,1,2,1,48,2,3,4,3,0,4,1,0,2,2,1,0,1,153000000,28
0,1,1,3,1,1,36,2,1,1,1,0,1,0,0,2,1,1,1,1,600000000,34
1,0,2,1,2,1,12,2,2,1,3,0,2,1,0,2,1,2,0,1,135000000,32
1,0,2,1,2,1,24,4,2,2,2,0,2,3,0,2,2,1,0,1,120000000,26
1,1,1,2,1,0,12,2,4,2,1,0,4,2,0,2,1,1,1,1,63100000,49
0,0,2,1,2,1,12,2,1,1,2,0,4,2,0,2,1,1,0,1,231000000,32
1,0,3,2,3,2,24,2,2,4,3,0,4,3,0,1,1,1,1,1,95100000,29
1,0,2,1,2,4,12,4,4,3,3,0,4,0,0,1,2,1,1,1,168000000,23
1,0,2,2,2,1,12,2,2,4,3,0,2,1,0,2,1,1,0,1,78700000,50
1,3,1,2,1,0,24,1,3,4,3,0,4,3,1,2,1,1,0,1,72300000,49
0,0,2,2,2,0,12,4,4,4,3,0,4,2,0,2,1,1,0,1,76000000,63
1,2,2,1,2,2,24,4,1,4,1,0,2,3,0,2,1,1,1,1,194000000,37
1,1,1,1,1,1,48,2,1,1,2,0,1,1,0,2,1,1,1,1,536000000,35
1,1,2,1,2,1,48,2,3,4,3,0,3,2,0,2,1,2,0,1,239000000,26
0,2,3,1,3,2,48,3,0,2,3,0,4,0,0,0,1,1,1,1,379000000,31
1,2,2,2,2,1,12,2,2,4,2,2,4,1,0,2,2,1,1,1,54600000,49
0,1,2,2,2,1,24,3,1,4,4,0,4,1,2,2,1,1,0,1,51200000,48
1,0,2,3,2,1,12,2,2,2,4,0,2,1,0,2,1,1,1,0,350000000,26
0,2,3,1,3,1,36,2,1,1,4,0,4,3,0,1,1,1,1,1,470000000,28
1,1,3,1,3,1,24,4,4,2,2,0,4,0,0,0,2,2,1,1,321000000,44
0,3,2,1,2,1,48,4,4,4,3,0,4,0,0,0,1,1,0,1,240000000,56
1,0,3,3,3,0,48,4,4,4,1,0,2,3,1,2,2,2,0,1,381000000,46
0,2,2,3,2,1,48,2,1,1,2,0,2,3,0,2,1,1,1,1,498000000,26
0,0,2,1,2,0,12,2,1,1,2,0,4,3,0,1,1,1,0,1,234000000,20
1,0,1,1,1,0,12,2,4,4,3,1,2,2,0,2,1,1,0,0,64400000,45
1,0,2,1,2,1,24,2,2,3,3,0,4,1,0,2,1,1,1,1,126000000,43
1,2,2,1,2,4,24,4,3,3,3,0,2,3,0,2,2,1,1,1,137000000,32
0,0,0,1,0,1,12,2,0,1,2,0,4,1,0,2,1,1,1,1,33600000,54
0,2,2,1,2,1,36,0,2,4,2,0,1,3,0,2,1,1,1,1,190000000,42
0,3,1,1,1,0,24,4,3,4,3,0,2,1,1,2,2,2,0,1,67200000,37
1,1,2,1,2,1,12,4,3,4,3,1,3,2,0,2,2,1,1,1,51900000,49
0,0,2,1,2,3,48,4,2,2,3,0,2,0,1,0,1,1,0,1,506000000,44
1,0,2,2,2,4,12,2,2,4,1,0,2,1,0,2,1,1,0,1,77200000,33
1,0,1,1,1,0,36,2,3,2,2,0,4,2,2,1,1,1,0,1,241000000,24
0,1,1,2,1,2,12,2,1,4,4,0,3,0,0,2,1,1,1,1,36400000,33
0,2,2,2,2,1,12,2,2,3,2,0,4,1,0,2,1,1,0,1,61900000,24
1,2,1,1,1,1,12,2,2,4,4,0,4,1,0,1,1,1,0,1,13800000,22
0,2,0,1,0,0,48,2,0,3,3,0,4,0,1,0,1,1,1,1,269000000,40
1,0,2,1,2,2,24,2,2,4,3,0,1,3,2,2,1,1,0,1,276000000,25
1,3,2,1,2,1,24,2,1,2,2,0,4,3,0,2,1,1,0,1,187000000,26
0,2,1,1,1,1,12,2,3,2,4,0,3,3,1,2,1,1,0,1,34300000,25
1,3,1,1,1,0,12,2,1,1,3,0,2,1,0,2,1,2,0,0,74700000,29
0,1,2,1,2,1,36,1,4,4,3,0,4,3,1,2,1,1,0,1,137000000,31
1,1,1,2,1,1,12,2,2,2,3,2,3,2,0,2,1,2,0,1,35400000,38
1,2,1,1,1,0,24,2,2,1,2,0,4,2,0,2,1,1,1,1,218000000,48
1,0,2,2,2,1,12,4,2,4,3,0,2,3,0,2,2,1,0,1,35100000,32
1,1,1,1,1,1,12,3,4,1,2,0,4,2,0,2,2,1,0,1,182000000,27
0,2,3,1,3,1,36,4,0,4,4,0,2,3,0,2,2,1,0,1,212000000,28
0,1,2,2,2,1,24,2,1,4,1,0,3,2,0,2,1,1,0,1,96900000,32
1,1,3,1,3,1,24,2,3,2,3,0,1,0,0,0,1,1,1,1,146000000,34
1,1,2,1,2,4,24,2,2,4,3,0,2,3,0,2,1,1,0,1,133000000,28
1,0,2,1,2,1,24,4,2,4,2,0,3,1,0,2,2,1,0,1,51400000,36
1,1,1,1,1,1,12,4,3,1,3,0,4,1,0,2,2,1,0,0,170000000,39
1,0,2,1,2,0,12,4,4,2,3,0,4,2,0,1,1,1,1,1,290000000,49
1,0,2,1,2,4,24,2,3,4,2,0,3,3,0,2,1,2,1,1,76300000,34
1,3,2,1,2,1,36,2,4,4,3,0,2,3,0,2,1,1,0,1,224000000,31
1,2,2,2,2,1,12,2,4,4,3,0,4,3,0,2,1,2,0,1,53400000,28
0,1,3,1,3,1,24,4,0,2,3,0,4,0,0,0,2,1,1,1,331000000,75
0,0,2,2,2,2,24,4,2,4,2,0,2,1,0,2,2,1,0,1,93200000,30
0,2,3,1,3,2,60,2,1,4,2,0,2,2,0,2,1,1,0,1,370000000,24
0,0,1,1,1,2,48,4,2,2,2,0,4,3,1,1,2,1,0,1,580000000,24
0,1,2,1,2,1,24,0,4,3,3,0,4,0,1,1,2,2,0,1,206000000,23
0,1,3,1,3,1,12,4,2,1,1,0,4,1,0,1,1,1,1,1,169000000,44
1,2,1,1,1,1,12,2,1,2,2,2,4,2,0,2,1,1,0,1,105000000,23
0,1,2,2,2,0,12,2,2,4,2,0,2,3,0,1,1,1,0,1,63800000,24
1,1,2,1,2,1,24,2,2,4,3,0,4,2,0,2,1,1,0,1,208000000,28
1,2,1,2,1,1,12,2,2,4,1,0,2,3,0,2,1,1,0,1,76100000,31
1,2,2,1,2,1,24,4,1,2,2,0,4,0,0,0,2,1,1,1,287000000,24
1,1,1,1,1,1,24,2,3,1,2,0,4,3,0,1,1,1,0,1,180000000,26
1,2,2,1,2,3,24,2,1,1,4,0,3,1,0,1,1,1,0,1,161000000,25
1,2,3,3,3,1,24,2,4,1,3,1,1,1,1,2,1,1,1,1,400000000,33
1,3,1,1,1,1,12,2,1,1,3,2,1,2,0,2,1,2,0,1,197000000,37
1,0,1,2,1,1,12,4,2,4,2,0,2,3,0,2,1,1,0,1,73000000,43
1,2,2,2,2,1,12,4,1,4,3,2,4,1,0,2,2,1,0,1,44100000,23
0,2,0,1,0,3,24,2,0,1,2,0,4,0,0,1,1,1,0,1,188000000,23
1,0,1,3,1,2,12,3,2,1,3,0,2,1,0,2,2,1,0,1,350000000,34
0,2,2,2,2,4,12,4,4,4,3,0,3,0,0,0,2,2,0,1,56800000,32
1,0,2,2,2,1,12,2,1,1,2,0,4,1,0,1,1,1,1,1,61800000,23
0,2,2,2,2,1,12,2,2,1,2,0,2,3,0,2,1,1,0,0,48000000,29
0,0,3,1,3,0,24,4,0,2,3,0,4,0,0,2,1,1,1,1,161000000,38
0,1,2,1,2,1,12,0,2,4,3,0,2,2,0,1,2,1,1,1,310000000,28
1,0,2,2,2,3,12,2,4,4,3,0,4,0,0,0,1,1,1,1,36400000,46
0,2,1,1,1,1,24,2,1,4,3,0,2,1,2,2,1,1,0,1,62300000,23
1,0,2,1,2,0,12,4,4,1,3,1,4,1,0,2,1,1,1,1,117000000,49
0,0,3,1,3,1,36,3,2,4,3,0,2,3,0,2,2,1,1,1,223000000,26
1,0,2,2,2,1,12,2,2,4,4,0,2,1,0,2,1,1,0,1,38800000,28
0,1,2,1,2,1,36,2,3,4,2,0,4,1,0,1,1,1,0,1,120000000,23
0,2,2,2,2,0,24,2,2,4,3,0,4,0,0,0,1,1,0,1,62000000,61
1,3,3,1,3,0,12,2,4,2,3,0,3,3,0,2,1,1,0,1,170000000,37
1,3,2,1,2,1,12,3,2,2,2,0,2,3,2,2,2,1,1,1,112000000,36
1,0,2,2,2,1,12,2,2,1,4,0,2,2,0,1,1,1,0,1,88300000,21
0,1,0,1,0,1,24,2,0,4,3,0,1,3,0,2,1,1,0,1,124000000,25
1,0,2,3,2,1,12,2,3,2,3,0,4,3,0,2,1,1,1,1,350000000,36
1,0,2,1,2,1,24,4,3,3,3,0,1,3,0,2,2,1,0,1,193000000,27
1,1,2,1,2,1,24,2,1,1,2,0,4,3,0,1,1,1,0,1,183000000,22
0,1,2,1,2,1,36,2,4,4,3,0,2,3,0,2,1,2,0,1,172000000,42
1,2,2,1,2,1,24,2,3,2,2,0,4,1,0,1,1,1,0,1,150000000,40
1,0,2,1,2,0,36,2,2,4,3,0,4,1,0,2,1,1,0,1,154000000,36
1,0,2,1,2,1,24,4,4,3,3,0,4,3,0,2,2,1,1,1,304000000,33
1,0,2,1,2,1,12,4,1,1,2,0,3,1,0,1,2,1,0,1,107000000,23
0,0,3,1,3,0,60,4,4,2,3,0,4,0,1,0,1,1,1,1,688000000,63
0,2,3,3,3,2,60,1,4,3,2,0,4,0,1,0,2,1,1,1,739000000,60
0,1,2,3,2,1,48,1,3,2,2,2,4,3,0,1,1,1,0,1,384000000,37
0,0,2,1,2,1,24,3,0,2,4,0,3,1,0,2,2,1,0,1,116000000,34
1,0,2,2,2,0,12,3,4,3,3,0,4,0,0,0,1,1,0,1,42300000,36
0,2,3,1,3,1,36,2,4,4,3,0,2,0,0,0,1,1,1,1,716000000,57
1,0,1,1,1,2,12,4,2,4,2,0,4,3,0,2,2,1,0,1,18100000,52
1,1,2,1,2,0,24,2,3,4,3,0,4,3,0,2,1,1,1,1,111000000,39
0,2,3,1,3,1,24,2,0,3,2,0,4,0,0,0,1,1,1,1,649000000,38
1,0,2,1,2,0,24,2,3,4,2,0,4,2,0,1,1,1,0,1,64200000,25
1,3,2,1,2,1,12,2,1,4,3,0,1,1,0,2,1,1,0,1,66500000,26
1,0,1,3,1,2,36,3,2,2,3,0,2,2,0,2,2,1,0,1,400000000,26
1,0,2,1,2,1,24,4,2,2,2,0,1,3,0,2,2,1,0,1,112000000,25
1,0,2,2,2,0,24,2,1,4,2,0,2,1,0,1,1,1,1,1,56300000,21
0,2,3,1,3,1,24,4,0,4,3,0,4,2,2,2,2,1,1,1,369000000,40
1,2,2,3,2,3,12,4,2,2,3,0,4,3,1,2,1,1,0,1,385000000,27
1,0,2,3,2,1,12,2,3,3,2,0,2,3,0,2,2,1,0,1,350000000,27
1,0,3,1,3,1,24,2,2,2,4,0,2,2,0,2,1,1,1,1,91000000,30
0,2,1,2,1,4,12,2,1,1,2,0,4,1,0,1,1,1,0,1,49200000,19
1,1,3,1,3,1,36,2,3,2,3,0,4,0,1,0,1,2,1,1,162000000,39
1,1,2,2,2,1,12,4,3,1,2,0,4,3,0,2,1,1,0,1,97900000,31
0,0,3,1,3,1,12,4,0,2,3,0,3,3,0,2,1,1,0,1,120000000,31
1,2,2,3,2,2,36,3,3,2,3,0,3,0,0,1,1,1,1,1,588000000,32
0,1,3,1,3,1,12,2,0,3,2,0,4,0,0,0,1,1,0,1,129000000,55
1,1,2,1,2,1,36,4,2,3,4,0,2,2,0,2,2,1,1,1,117000000,46
0,2,2,1,2,1,12,2,4,1,1,0,1,1,0,1,2,1,0,1,61200000,46
1,0,1,2,1,4,24,4,2,4,2,0,1,1,0,2,2,1,0,1,75800000,43
1,0,2,2,2,1,24,2,1,3,4,0,4,1,0,2,1,1,1,1,73700000,39
1,2,2,3,2,0,24,4,2,4,4,0,4,1,1,2,2,1,0,1,350000000,28
0,0,2,3,2,1,24,3,1,2,3,0,2,3,1,2,2,1,1,1,432000000,27
1,0,1,1,1,1,12,3,2,4,3,0,2,3,0,2,2,1,0,1,40100000,27
1,2,2,1,2,0,24,3,4,4,3,0,4,3,0,2,1,2,0,1,145000000,43
0,2,2,1,2,1,24,2,1,1,4,0,1,2,0,2,1,1,1,1,102000000,22
1,0,2,1,2,0,24,4,3,4,3,0,4,3,0,2,2,2,1,1,110000000,43
1,1,2,2,2,1,12,2,1,4,4,0,2,1,0,2,1,1,0,0,52700000,27
1,0,3,1,3,3,24,2,4,3,1,0,2,3,0,2,1,1,1,1,162000000,26
0,3,2,1,2,3,12,4,3,4,4,0,2,1,0,2,3,1,1,1,47000000,28
0,2,2,2,2,1,24,2,4,4,2,0,4,3,0,2,1,1,1,1,98400000,20
1,0,3,1,3,1,36,4,3,3,3,0,2,3,0,2,2,1,1,1,363000000,35
0,0,3,3,3,1,12,4,0,4,3,0,2,3,2,2,2,1,1,1,385000000,42
1,0,1,1,1,3,12,2,2,3,3,0,2,0,0,1,1,2,0,0,79900000,40
0,1,2,1,2,0,24,2,2,4,2,0,2,2,0,2,1,1,0,1,69100000,35
1,0,2,1,2,1,36,4,4,2,3,0,2,2,0,2,2,2,1,1,292000000,35
0,1,1,1,1,1,12,2,1,4,3,0,1,1,0,2,1,2,0,1,129000000,33
1,1,2,3,2,0,24,3,2,1,2,0,2,3,0,1,2,1,1,1,424000000,23
1,0,3,1,3,3,24,2,3,1,2,0,2,3,1,2,1,1,0,1,139000000,31
0,2,2,1,2,0,24,2,2,4,2,0,2,2,0,2,1,1,0,1,52100000,33
0,0,2,1,2,4,12,2,3,2,2,0,3,3,0,1,1,1,0,1,159000000,20
1,2,2,1,2,0,12,2,2,4,3,0,2,3,0,2,1,1,0,1,101000000,30
1,2,1,1,1,1,12,4,3,2,3,0,3,1,0,2,2,2,0,1,47900000,47
1,0,3,2,3,2,24,3,3,4,3,0,3,1,0,2,2,1,0,1,79600000,34
0,2,2,1,2,0,12,2,4,1,2,0,2,2,1,2,1,1,1,1,138000000,25
1,2,2,1,2,1,24,2,2,1,4,0,3,3,0,1,1,1,1,1,139000000,21
1,0,2,1,2,1,24,4,4,4,3,0,2,3,0,2,2,1,0,1,137000000,29
1,0,2,2,2,4,24,4,2,4,3,0,3,1,0,2,2,1,0,1,57500000,46
0,0,2,2,2,1,12,2,4,1,3,0,4,3,0,2,1,1,0,1,65700000,20
0,1,0,2,0,1,24,4,0,2,2,0,4,0,0,0,3,2,0,1,59500000,55
0,0,1,3,1,1,12,2,3,1,3,0,4,1,0,2,1,1,0,1,385000000,74
0,2,3,3,3,1,24,2,2,2,3,1,3,3,1,2,2,1,1,1,566000000,29
0,1,3,2,3,1,12,4,0,4,3,0,4,0,0,0,3,1,1,1,93600000,36
1,0,2,1,2,1,24,4,2,4,1,0,2,1,0,2,2,1,1,1,103000000,33
1,1,2,1,2,1,12,2,2,3,3,0,2,1,0,2,1,1,0,1,107000000,25
0,2,2,2,2,0,12,2,2,2,4,0,1,1,0,2,1,1,1,1,74200000,25
1,0,1,2,1,3,12,2,3,2,4,0,4,1,0,1,1,1,0,1,33000000,23
1,0,2,1,2,4,24,4,4,4,2,0,4,1,0,2,2,1,1,1,64400000,37
0,1,0,1,0,1,48,4,0,4,3,1,4,3,0,2,2,1,0,1,170000000,65
0,3,0,3,0,1,12,1,1,4,2,0,1,1,0,2,1,1,0,1,350000000,26
1,0,3,1,3,1,12,2,4,4,3,0,4,3,0,2,1,1,1,1,94200000,39
1,1,2,2,2,1,12,2,2,2,2,1,3,2,0,2,1,1,0,1,81000000,30
1,2,2,1,2,1,24,3,2,2,3,0,3,3,1,2,2,1,1,1,131000000,29
0,0,1,2,1,1,12,2,4,4,3,0,4,3,1,2,1,2,0,1,36000000,41
0,2,3,1,3,1,48,4,2,2,2,0,3,3,0,2,1,1,1,1,255000000,30
1,0,1,2,1,0,12,4,4,4,2,0,4,2,0,1,2,1,0,1,62200000,41
0,1,2,1,2,1,36,2,1,4,2,0,4,3,0,2,1,1,1,1,92100000,34
1,2,2,1,2,1,12,2,2,2,3,2,2,1,0,2,1,1,0,1,129000000,35
0,3,3,2,3,0,12,2,4,3,2,0,4,1,0,2,1,1,1,1,71200000,55
0,2,2,2,2,4,12,3,2,3,4,0,3,2,2,2,2,1,0,1,75600000,61
1,0,3,1,3,0,36,4,2,4,3,0,2,3,0,2,1,1,1,1,553000000,30
1,0,2,2,2,1,12,2,2,3,2,0,1,1,0,2,1,1,0,1,25900000,29
1,0,2,1,2,1,12,0,4,2,3,0,4,2,0,2,2,1,0,1,138000000,34
1,0,3,1,3,1,24,2,4,4,3,0,4,3,0,2,1,1,1,1,134000000,35
0,1,2,1,2,1,24,2,3,2,3,1,3,2,0,2,1,1,1,1,241000000,31
1,0,3,1,3,1,24,2,1,4,2,0,1,0,0,2,1,1,1,1,134000000,29
1,1,2,1,2,1,12,4,2,2,3,0,2,1,0,1,2,2,0,1,195000000,36
0,1,2,1,2,1,12,2,4,3,3,0,4,0,0,0,1,1,1,1,169000000,35
1,1,2,2,2,1,12,2,1,4,2,0,1,1,0,2,1,1,0,1,17200000,27
1,0,2,1,2,1,24,2,1,3,3,0,2,3,0,2,1,1,1,1,230000000,32
1,1,2,1,2,1,36,2,2,1,3,2,2,2,0,2,1,2,0,1,181000000,37
1,1,2,1,2,1,12,2,1,2,3,0,3,1,0,2,1,1,0,1,86100000,36
1,2,3,1,3,1,12,2,1,3,2,0,1,1,0,1,1,1,0,1,151000000,34
1,2,2,2,2,0,12,2,4,4,3,0,4,2,0,2,2,1,0,1,37700000,38
1,0,2,3,2,1,24,2,3,4,3,0,1,3,2,2,2,1,1,1,350000000,34
0,1,2,1,2,1,24,2,2,3,3,2,4,0,1,2,1,2,1,1,146000000,63
0,1,1,2,1,1,24,3,1,4,2,0,2,3,0,1,1,1,1,1,83000000,29
1,0,2,1,2,0,48,3,4,3,3,0,3,3,1,2,2,2,0,1,362000000,32
1,0,2,3,2,1,36,3,2,2,2,0,2,3,0,2,2,1,1,1,385000000,26
1,0,1,1,1,1,24,3,3,3,3,0,3,3,0,2,2,1,1,1,234000000,35
0,2,2,1,2,2,24,2,1,3,4,0,2,3,0,1,1,1,1,1,155000000,22
0,1,2,2,2,1,12,2,1,4,2,0,4,2,0,2,1,1,0,1,22400000,23
0,1,1,1,1,1,12,2,2,4,3,0,3,3,0,2,1,1,0,1,32700000,28
0,0,3,2,3,0,12,2,0,4,3,0,4,2,0,2,1,2,1,1,61900000,36
0,2,2,2,2,1,24,4,2,4,4,0,2,3,0,2,1,1,0,1,62300000,33
0,1,2,1,2,1,24,0,1,1,2,0,4,2,0,1,1,1,0,1,156000000,26
1,0,2,1,2,3,36,2,2,4,3,0,4,3,0,2,1,1,0,1,128000000,24
1,3,2,1,2,1,24,2,3,4,3,0,2,3,1,2,1,1,0,1,258000000,25
1,2,1,3,1,2,12,2,3,3,3,0,4,1,0,2,1,1,0,1,350000000,39
1,1,2,2,2,1,12,4,4,4,3,0,4,3,0,2,2,2,1,1,73900000,44
1,2,1,1,1,1,12,4,2,1,2,0,1,1,0,2,1,1,0,1,179000000,23
1,2,2,1,2,1,24,2,1,4,3,0,1,2,0,2,1,1,0,1,60100000,26
0,1,2,1,2,4,36,2,4,4,2,0,4,2,0,1,2,1,1,1,181000000,57
1,0,2,2,2,4,12,3,3,3,2,0,2,2,0,2,2,1,0,1,48000000,30
1,0,2,1,2,3,12,4,2,4,3,0,4,1,0,2,1,1,1,1,58200000,44
0,2,3,1,3,1,12,3,0,4,3,0,4,2,0,2,1,1,1,1,60500000,47
1,0,2,1,2,1,12,2,2,2,3,0,4,3,0,2,1,1,1,1,154000000,52
0,0,2,1,2,1,24,2,4,4,2,1,4,0,0,0,1,1,1,1,188000000,62
1,0,1,1,1,2,12,2,2,3,3,0,2,1,0,1,1,1,0,0,70900000,35
1,0,2,1,2,1,12,2,2,2,3,2,3,2,0,1,1,1,0,1,176000000,26
1,0,2,2,2,1,12,4,4,2,3,0,2,0,0,2,2,1,0,1,96700000,26
0,2,3,3,3,1,24,0,4,2,2,0,4,0,0,0,2,1,1,1,416000000,42
1,0,2,2,2,2,12,4,2,1,2,0,1,2,0,2,2,1,0,1,61900000,27
1,2,2,2,2,0,12,2,4,4,3,0,4,2,0,2,1,1,0,1,18400000,38
1,1,1,1,1,1,12,4,2,3,3,0,2,1,0,1,2,2,0,0,106000000,39
0,1,2,1,2,0,24,2,2,2,4,0,4,3,0,2,1,1,0,1,150000000,20
0,2,3,3,3,2,36,2,1,4,3,1,1,0,0,1,1,1,1,1,452000000,29
1,0,2,2,2,1,24,4,3,4,3,0,3,2,0,2,2,1,0,1,79300000,40
1,2,1,2,1,1,24,2,4,4,4,2,2,1,0,2,1,1,0,1,65100000,32
1,3,2,1,2,2,12,4,4,2,1,0,4,3,0,2,2,2,1,1,66200000,28
0,1,2,1,2,1,24,2,1,4,2,0,1,2,0,2,1,1,0,1,156000000,27
1,1,2,1,2,1,36,2,4,2,3,0,4,0,0,0,1,2,0,1,275000000,42
1,3,2,2,2,2,12,2,4,2,1,0,4,1,0,2,1,1,0,1,56300000,49
0,2,2,2,2,2,24,4,1,4,3,0,4,0,1,2,2,2,0,1,60800000,38
0,1,2,1,2,1,24,2,1,4,2,0,4,2,0,1,1,1,0,1,60400000,24
0,0,1,1,1,0,12,2,2,4,3,2,4,2,0,2,1,1,0,1,65500000,27
1,3,2,1,2,3,12,4,2,2,3,0,2,3,0,2,1,1,1,1,118000000,36
0,2,3,1,3,2,12,1,0,1,3,0,2,2,0,2,1,2,1,1,343000000,34
1,0,2,2,2,1,24,2,2,4,4,0,2,2,0,2,1,1,0,1,70700000,28
1,0,3,1,3,2,36,2,4,4,3,0,2,3,0,2,1,1,1,1,429000000,45
0,1,2,1,2,1,12,2,3,4,3,0,2,1,0,2,1,1,0,1,38000000,26
1,0,3,1,3,1,36,2,2,2,3,0,2,0,0,0,1,1,1,1,234000000,32
1,3,2,3,2,1,12,2,3,2,3,0,4,2,0,1,1,1,1,1,385000000,26
0,2,2,2,2,1,12,3,2,4,4,1,4,1,0,1,2,1,0,1,29300000,20
0,0,2,1,2,0,24,2,1,4,3,0,1,2,0,2,1,1,0,1,113000000,54
1,1,2,1,2,1,12,4,3,4,2,0,3,2,0,2,2,1,0,0,30500000,37
1,1,1,1,1,1,12,4,1,2,3,0,4,1,0,2,1,2,0,0,68100000,40
0,0,2,1,2,1,36,4,1,2,2,0,4,2,0,1,2,1,1,1,356000000,23
1,1,2,1,2,2,12,2,4,3,3,0,2,2,0,2,1,1,1,1,60200000,43
1,0,2,2,2,0,12,4,4,4,3,0,4,0,0,0,2,1,0,1,35000000,36
1,0,2,1,2,1,24,4,4,3,3,0,4,0,0,0,2,1,0,1,275000000,44
0,1,2,1,2,1,24,2,2,2,2,0,2,1,0,2,1,1,0,1,160000000,24
0,1,2,1,2,1,48,0,2,3,3,0,4,0,0,0,2,2,0,1,356000000,53
1,0,2,1,2,2,24,2,3,3,2,0,4,3,0,2,1,1,0,1,174000000,23
1,2,1,2,1,1,24,2,2,4,2,2,4,1,0,2,1,2,0,1,55700000,26
1,2,2,1,2,1,24,2,1,2,3,0,3,3,0,2,2,1,0,1,398000000,30
1,0,2,2,2,2,12,4,2,4,2,0,3,3,0,2,1,1,0,1,76600000,31
1,0,1,2,1,1,12,4,3,2,3,0,1,1,0,2,2,2,0,1,75200000,42
0,1,2,1,2,1,36,2,2,4,1,0,4,3,0,1,1,1,0,1,115000000,31
1,1,1,1,1,1,12,2,1,3,3,0,4,1,0,2,1,2,1,1,33100000,41
1,2,2,1,2,1,36,2,3,3,3,0,1,3,0,2,2,2,0,1,114000000,32
0,2,2,1,2,2,12,2,2,2,2,0,4,3,0,1,2,1,1,1,132000000,28
1,0,2,1,2,1,12,3,2,4,4,0,4,1,0,1,1,1,0,1,75200000,41
1,0,2,2,2,2,24,2,3,4,4,0,3,2,0,2,1,1,1,1,65600000,26
1,0,2,1,2,0,24,2,1,4,3,0,2,3,0,2,2,1,0,1,155000000,25
0,3,2,1,2,1,24,4,1,2,1,0,1,3,0,1,1,1,0,1,116000000,33
0,1,3,1,3,0,12,2,0,4,2,0,3,2,0,2,1,1,1,1,68700000,75
1,2,2,1,2,1,24,4,4,3,2,0,4,2,0,2,1,1,1,1,181000000,37
0,1,3,1,3,1,48,2,4,4,3,0,4,0,1,0,1,1,0,1,388000000,42
1,3,1,1,1,1,24,2,1,1,2,0,1,2,2,2,1,1,0,1,152000000,45
0,2,2,2,2,1,12,2,1,1,4,0,1,1,0,1,1,1,0,1,76700000,23
0,0,2,1,2,1,24,3,4,4,3,0,4,0,0,0,2,1,1,1,102000000,60
0,1,2,1,2,0,36,2,4,4,3,0,4,2,0,2,1,1,0,1,318000000,31
0,3,1,1,1,1,24,2,2,2,3,0,1,1,0,2,1,2,0,1,143000000,34
0,0,1,1,1,1,12,4,4,4,3,0,4,1,0,2,2,1,0,1,62800000,61
0,1,2,1,2,1,24,3,0,4,3,0,2,1,0,0,2,2,0,1,66700000,43
1,0,2,1,2,1,24,4,2,4,2,0,4,3,0,2,1,1,1,1,101000000,37
1,0,2,2,2,1,24,2,3,3,3,0,1,3,1,2,1,2,0,1,77600000,32
0,1,1,2,1,1,12,1,2,4,2,0,4,1,1,2,1,1,0,1,31300000,24
1,0,2,1,2,0,48,4,3,2,3,0,1,0,0,0,2,1,1,1,443000000,35
1,0,2,2,2,0,12,4,3,4,2,0,4,1,0,2,2,1,0,1,49800000,23
1,0,1,2,1,3,12,1,4,2,3,0,4,2,1,2,1,2,0,1,87500000,45
0,1,2,1,2,1,48,2,3,1,4,2,1,1,0,2,2,1,1,1,350000000,34
1,2,2,1,2,2,12,4,1,4,3,0,1,3,0,2,1,1,0,1,99800000,27
0,2,3,2,3,1,12,2,3,4,2,0,4,2,0,2,2,1,1,1,60000000,67
0,2,2,2,2,1,12,2,1,2,3,0,1,3,2,2,1,1,0,1,66600000,22
0,2,2,1,2,2,24,0,1,3,2,0,3,3,0,2,2,1,0,1,114000000,28
0,0,2,1,2,0,24,0,2,1,2,0,4,2,1,2,2,1,1,1,250000000,29
0,1,2,1,2,1,24,1,3,3,3,0,4,3,1,2,1,1,0,1,178000000,27
0,2,1,2,1,1,24,4,1,2,3,0,2,1,0,2,2,1,0,1,96400000,31
1,1,2,1,2,0,24,2,4,4,3,0,4,0,1,0,1,2,1,1,148000000,49
0,1,1,2,1,1,24,1,3,4,3,2,4,3,1,1,1,1,0,1,77300000,24
1,3,2,2,2,1,12,3,1,2,2,0,1,2,1,2,1,1,0,1,34200000,29
0,2,2,1,2,0,36,2,2,1,3,0,4,0,0,0,1,1,1,1,619000000,37
1,2,3,3,3,0,24,3,2,4,3,0,2,2,1,2,2,1,1,1,400000000,37
1,2,2,2,2,2,24,3,3,3,2,0,2,2,0,1,2,1,1,1,77700000,23
0,1,2,1,2,1,12,2,3,2,1,0,3,3,0,2,1,1,0,1,68600000,36
1,0,2,1,2,4,24,4,4,2,3,0,2,3,0,2,1,1,0,1,129000000,34
1,2,2,1,2,0,48,2,3,4,3,0,1,3,0,2,2,2,1,1,199000000,41
0,1,2,1,2,1,48,2,2,3,2,0,2,3,0,2,1,1,1,1,338000000,31
0,1,1,1,1,1,24,2,1,4,2,0,4,1,0,1,1,1,1,1,162000000,23
1,0,2,1,2,1,36,4,3,3,3,1,2,3,0,2,1,1,0,1,298000000,38
0,0,3,1,3,0,24,2,0,2,2,0,4,2,0,1,1,1,1,1,272000000,26
1,1,1,3,1,1,24,2,2,4,2,0,4,2,0,2,1,1,0,1,350000000,22
1,2,1,2,1,1,12,2,4,4,3,0,4,3,0,2,2,1,0,1,54100000,27
1,0,2,1,2,1,12,4,3,2,2,1,3,3,1,2,2,1,0,1,139000000,24
1,2,2,1,2,1,12,2,3,2,2,0,1,1,0,2,1,1,0,1,147000000,27
1,0,2,2,2,0,24,4,2,3,2,0,2,3,0,2,2,1,1,1,96400000,33
0,2,2,1,2,1,36,4,1,4,1,0,4,3,0,2,2,1,0,1,141000000,27
1,0,1,2,1,1,24,2,1,4,4,0,3,3,0,2,2,1,0,1,46900000,27
0,2,2,1,2,1,24,4,4,3,3,2,3,1,1,2,2,1,0,1,52800000,30
1,2,1,1,1,1,12,4,1,1,3,0,3,1,1,2,2,2,0,1,156000000,49
1,0,2,2,2,1,12,2,2,4,2,0,2,1,0,1,1,1,0,1,69400000,26
0,2,1,1,1,1,36,2,1,4,3,0,1,0,0,1,1,1,0,1,119000000,33
1,0,3,1,3,0,12,2,4,4,2,0,4,0,0,0,1,1,1,1,107000000,52
0,1,2,1,2,1,24,2,2,1,2,0,4,1,1,1,1,1,0,1,102000000,20
1,1,2,1,2,1,12,4,2,2,3,0,2,1,0,1,2,2,0,1,140000000,36
1,1,1,2,1,1,12,2,2,4,3,2,1,2,0,2,1,1,0,1,64500000,21
0,1,1,2,1,1,24,2,2,4,4,0,3,1,0,2,1,1,1,1,60900000,47
0,1,2,1,2,1,12,4,4,3,3,0,3,2,0,2,2,1,0,1,112000000,60
0,1,1,2,1,1,12,4,3,4,2,0,3,1,0,2,4,1,1,1,19300000,58
1,2,2,1,2,0,24,3,2,4,2,0,4,3,0,1,2,1,1,1,98300000,42
1,0,1,3,1,4,24,2,4,4,2,0,4,1,1,2,1,1,0,1,350000000,36
0,2,1,1,1,1,24,2,2,3,2,0,4,2,0,1,1,1,1,1,136000000,20
0,1,3,2,3,0,24,1,4,4,3,0,3,3,2,2,1,1,1,1,67900000,40
0,2,1,1,1,2,12,1,1,1,2,0,1,2,2,2,1,1,0,1,46600000,32
0,1,2,1,2,1,24,2,3,4,2,0,4,3,0,1,2,1,0,1,72100000,23
0,2,1,3,1,1,24,0,2,1,3,0,4,1,0,2,3,1,1,1,400000000,36
0,0,2,1,2,1,24,4,3,2,3,0,2,2,1,2,2,1,0,1,139000000,31
1,0,2,3,2,1,24,3,2,1,3,0,2,0,0,0,1,1,0,1,385000000,32
1,2,2,1,2,1,12,2,1,1,2,2,1,1,0,2,1,1,0,1,116000000,45
0,2,2,2,2,1,12,2,2,4,2,0,1,2,0,2,1,1,0,1,45900000,30
0,2,1,2,1,1,24,1,3,4,2,0,4,0,1,0,1,1,0,1,91900000,34
0,0,3,1,3,1,36,2,2,4,2,0,2,3,0,2,1,1,1,1,167000000,28
1,3,2,2,2,1,12,2,1,4,2,0,2,2,0,2,1,1,0,1,63800000,23
1,1,2,1,2,3,24,1,2,4,3,0,4,1,2,2,1,1,1,1,141000000,22
0,0,3,3,3,1,24,4,2,3,3,0,2,1,0,2,1,1,1,1,400000000,74
0,2,2,1,2,2,36,2,2,4,2,1,4,0,0,0,1,1,0,1,134000000,50
1,0,2,1,2,1,24,2,1,4,3,0,1,1,0,2,1,1,0,1,103000000,33
1,0,2,1,2,0,12,2,4,4,3,0,4,0,1,0,1,2,0,1,65000000,45
0,1,2,2,2,2,12,2,0,4,2,0,3,2,0,2,1,1,0,1,37100000,22
0,3,1,1,1,2,12,2,4,1,2,0,4,0,0,0,1,2,0,1,62000000,48
1,1,2,1,2,4,24,2,1,4,2,0,2,3,1,2,1,1,0,1,168000000,29
1,1,2,1,2,1,24,1,2,1,2,2,4,3,1,1,1,1,0,0,182000000,22
0,0,2,2,2,1,24,3,3,4,2,0,1,1,0,2,1,1,0,1,90400000,22
1,2,3,3,3,0,48,0,2,2,3,0,2,3,1,2,1,1,1,1,610000000,48
1,2,3,3,3,0,60,3,2,2,3,0,2,0,0,0,1,1,0,1,458000000,27
1,1,2,1,2,1,12,4,2,1,3,0,3,1,0,1,3,2,0,1,184000000,37
0,2,2,1,2,2,36,2,2,2,2,1,4,3,0,1,1,1,0,1,172000000,21
1,0,1,1,1,1,12,2,2,4,1,0,2,1,0,2,1,1,0,1,32000000,49
1,2,2,3,2,1,24,4,3,2,3,0,3,2,0,2,2,1,0,1,385000000,27
0,0,2,1,2,1,24,4,2,3,3,0,2,2,1,2,2,1,0,1,76500000,32
0,0,2,3,2,0,48,2,2,4,1,0,2,1,1,2,1,1,0,1,385000000,38
1,1,2,2,2,1,12,2,1,4,2,0,1,3,0,1,1,1,0,1,92900000,22
0,1,2,1,2,1,24,2,2,4,3,0,4,0,0,0,2,1,0,1,130000000,65
1,0,2,2,2,0,12,2,4,4,3,0,2,3,0,2,1,1,0,1,99000000,35
1,3,2,1,2,1,12,2,2,2,3,0,2,1,0,2,1,1,1,1,106000000,41
0,2,2,1,2,2,12,1,3,2,3,0,3,0,0,2,1,1,0,1,71900000,29
1,0,2,1,2,3,48,4,2,4,3,0,4,1,0,2,2,1,1,1,202000000,36
0,0,1,1,1,0,12,2,4,1,3,0,4,1,0,2,1,1,0,1,192000000,64
1,1,2,1,2,1,24,2,2,2,2,0,4,3,0,2,1,1,0,1,183000000,28
0,1,2,2,2,1,24,1,2,4,3,0,3,3,1,2,1,1,0,1,77700000,44
1,2,2,2,2,0,12,2,1,4,3,0,1,2,0,2,1,1,0,1,72200000,23
0,0,2,2,2,1,12,2,1,2,2,1,2,3,0,1,2,1,0,1,99000000,19
0,2,1,1,1,1,24,2,1,3,2,0,4,3,0,2,1,1,1,1,67800000,25
1,0,2,2,2,1,12,2,4,4,3,0,4,2,1,2,3,2,1,1,69700000,47
1,0,2,2,2,3,24,2,3,4,2,0,1,3,0,2,1,1,0,1,68800000,28
1,0,2,3,2,1,60,3,3,2,3,0,4,3,0,2,2,1,1,1,783000000,21
1,0,2,2,2,1,12,2,1,4,2,0,3,3,0,2,1,2,0,1,74700000,34
0,1,2,1,2,1,48,3,3,3,3,0,2,2,1,2,2,2,1,1,219000000,26
0,1,0,2,0,1,24,2,0,4,2,0,1,1,0,2,1,1,0,1,37500000,27
1,2,1,2,1,1,12,2,4,4,3,0,4,3,0,2,2,1,0,1,65400000,38
0,0,3,1,3,2,12,2,2,3,3,0,2,2,0,2,1,1,1,1,231000000,40
1,0,2,2,2,1,24,4,3,4,4,2,2,3,0,2,2,1,1,1,92600000,33
1,1,3,2,3,1,24,4,3,4,4,0,1,2,0,2,2,1,1,1,94000000,32
0,0,2,3,2,0,36,3,1,4,3,0,4,3,0,1,2,1,1,1,399000000,27
1,1,2,1,2,1,36,0,2,2,1,2,2,1,0,2,2,1,0,1,229000000,32
0,0,2,1,2,3,12,2,2,2,2,0,2,2,0,2,1,1,0,1,69300000,26
0,3,2,1,2,1,24,2,3,4,3,0,3,0,1,0,1,2,0,1,47400000,38
0,1,1,2,1,1,12,2,2,4,3,0,4,3,0,1,1,2,0,1,34200000,40
1,1,3,1,3,1,48,2,3,4,3,0,1,0,0,0,1,1,1,1,374000000,50
0,2,1,2,1,1,12,2,2,4,3,0,2,2,0,2,1,1,0,1,96100000,37
0,1,2,1,2,1,24,2,4,4,3,1,1,1,0,2,1,1,0,1,115000000,45
0,2,3,1,3,2,36,3,4,2,3,0,4,3,0,2,4,1,1,1,404000000,42
1,0,2,1,2,1,24,4,3,4,3,0,3,3,0,2,2,1,1,1,117000000,35
0,1,2,1,2,1,12,2,0,1,3,0,4,0,0,0,1,1,0,1,199000000,22
0,2,1,1,1,1,12,2,4,4,3,0,4,3,1,2,1,2,0,1,44400000,41
1,0,2,3,2,0,48,2,3,4,3,0,3,3,2,2,1,1,1,1,511000000,37
1,2,2,3,2,1,36,0,2,2,2,0,1,3,0,2,2,1,0,1,400000000,28
1,2,2,1,2,1,24,4,4,2,3,0,1,0,0,2,1,1,1,1,318000000,41
1,3,2,2,2,1,12,2,2,3,4,0,4,1,0,1,1,1,0,1,64900000,23
0,1,2,1,2,0,12,2,2,4,4,0,2,3,0,2,1,1,0,1,45000000,23
1,0,2,1,2,1,24,2,4,4,3,0,2,1,0,2,2,1,0,1,112000000,50
0,2,3,2,3,1,12,3,0,4,3,0,1,2,2,2,2,1,1,1,52500000,35
1,3,1,2,1,1,12,4,2,2,2,0,4,2,0,2,1,1,0,1,52400000,50
0,0,3,1,3,1,24,4,0,4,3,1,2,0,1,2,2,1,1,1,316000000,27
1,2,2,1,2,4,36,1,2,4,3,0,2,3,2,2,1,2,1,1,175000000,34
1,0,2,3,2,1,48,1,2,1,2,0,1,1,2,2,1,1,0,1,385000000,27
0,1,2,1,2,1,12,4,4,3,3,1,4,2,0,1,2,1,1,1,242000000,43
1,3,2,1,2,1,36,4,4,4,3,0,4,2,0,2,1,1,0,1,151000000,47
1,0,1,3,1,2,24,4,2,3,3,0,3,2,0,2,2,1,1,1,400000000,27
1,0,2,3,2,2,36,2,3,2,3,0,2,3,0,2,2,1,1,1,400000000,31
1,0,3,1,3,1,60,2,4,2,3,0,4,2,0,2,1,1,1,1,518000000,42
1,0,2,1,2,3,12,4,2,1,4,0,2,3,0,2,1,1,0,1,104000000,24
0,0,1,3,1,3,24,3,1,4,3,0,2,1,1,2,1,2,0,1,385000000,41
1,0,3,1,3,1,36,4,3,4,2,0,4,3,0,1,1,1,1,1,227000000,26
1,0,2,1,2,1,24,4,4,4,3,0,4,3,0,2,1,1,1,1,258000000,33
0,2,2,1,2,2,72,2,2,2,4,0,2,3,0,2,1,1,0,1,280000000,24
0,1,1,1,1,1,24,2,4,4,3,0,4,1,1,1,1,1,0,1,119000000,64
1,0,2,2,2,1,24,2,1,3,2,0,1,1,0,2,1,1,0,1,72700000,26
0,0,2,2,2,1,12,2,1,1,2,0,2,0,0,2,1,1,0,1,76900000,56
1,0,2,1,2,0,12,2,2,4,3,0,4,0,0,0,1,1,1,1,114000000,37
1,0,2,2,2,1,12,3,2,4,4,0,3,1,1,2,2,1,0,1,73900000,33
1,0,2,1,2,1,24,4,1,3,4,0,3,0,0,0,3,1,1,1,255000000,47
1,2,1,3,1,2,36,3,3,1,3,0,3,2,0,2,2,2,1,1,493000000,31
1,0,2,1,2,0,60,2,2,4,3,0,4,0,0,0,1,2,1,1,326000000,34
1,3,2,2,2,0,12,4,3,4,3,0,2,2,0,2,2,1,1,1,67400000,27
1,2,2,1,2,2,36,3,4,4,3,0,3,0,0,0,1,1,0,1,143000000,30
1,0,2,1,2,2,12,2,4,3,3,1,4,3,0,2,1,1,1,1,138000000,35
1,1,2,1,2,4,12,2,2,1,3,0,3,2,0,2,1,2,0,1,183000000,31
1,1,2,2,2,1,12,4,2,2,1,0,3,2,0,2,2,1,0,1,48800000,25
1,2,1,1,1,2,12,2,2,3,2,0,2,1,0,2,1,1,0,1,132000000,25
1,2,2,1,2,2,24,2,1,2,3,0,1,3,0,2,1,1,0,1,145000000,29
1,1,1,1,1,0,12,4,1,1,3,0,3,1,0,2,2,2,0,1,236000000,44
1,0,2,1,2,1,24,2,3,4,3,0,2,3,0,2,1,1,1,1,114000000,28
1,0,2,1,2,3,12,2,2,2,3,0,4,2,0,1,1,1,0,1,61800000,50
1,2,2,2,2,1,12,2,3,4,3,2,3,1,0,2,2,1,0,0,55200000,29
0,0,0,1,0,1,12,4,0,1,2,0,2,2,0,2,1,1,0,1,46300000,38
1,0,2,2,2,1,24,4,2,4,3,0,2,3,0,2,2,1,0,1,90000000,24
1,3,3,2,3,1,12,2,4,4,3,0,4,3,0,1,1,1,1,1,95300000,40
0,0,1,2,1,3,12,2,2,4,2,0,4,3,0,1,1,1,0,1,56200000,29
0,1,2,1,2,1,48,4,4,4,3,0,4,0,0,0,2,1,1,1,317000000,46
1,3,2,2,2,2,24,2,4,4,2,0,2,0,0,0,1,1,1,1,68900000,47
1,2,2,3,2,2,36,3,4,4,3,0,2,2,2,2,2,1,0,1,385000000,41
1,2,2,3,2,1,24,2,1,4,2,0,1,2,0,2,1,2,1,1,385000000,32
1,0,2,1,2,3,12,2,4,1,2,0,4,0,0,0,1,1,0,1,266000000,35
0,2,2,1,2,2,48,2,3,3,3,0,2,2,0,2,1,1,0,1,328000000,24
0,2,2,1,2,1,12,0,1,4,2,0,3,2,0,1,2,1,0,1,148000000,25
1,2,2,2,2,1,12,2,4,4,2,0,4,1,0,2,1,1,0,1,60300000,25
1,2,1,1,1,1,12,2,2,2,3,0,2,1,0,2,1,2,0,1,106000000,37
1,0,3,2,3,3,24,4,4,4,3,0,3,2,1,2,2,1,1,1,31500000,32
0,1,2,2,2,1,12,1,4,4,2,0,4,0,0,0,1,1,0,1,59900000,35
1,0,3,1,3,0,24,2,4,4,3,0,4,1,0,2,1,1,1,1,124000000,46
1,1,1,2,1,1,12,4,2,4,3,0,4,1,0,2,2,1,0,1,56900000,25
0,2,3,1,3,1,60,2,3,4,3,0,2,0,0,2,1,1,1,1,701000000,27
0,0,2,1,2,0,36,4,4,1,3,0,4,3,0,2,2,1,0,1,380000000,63
1,0,2,1,2,0,36,4,4,3,3,0,2,3,0,2,2,2,1,1,154000000,40
1,0,3,2,3,1,24,2,2,4,3,0,2,0,0,0,1,1,1,1,75300000,32
1,3,2,1,2,0,24,4,2,3,3,0,2,3,0,2,2,1,1,1,157000000,31
1,2,2,1,2,2,24,0,4,3,4,0,4,3,1,2,2,1,1,1,307000000,31
0,3,3,2,3,1,12,0,1,4,3,0,2,3,0,2,2,1,1,1,66900000,34
0,2,2,2,2,4,12,1,1,4,2,0,2,2,1,1,1,2,0,1,21700000,24
0,1,1,1,1,1,12,2,2,4,2,0,2,1,0,2,1,1,0,1,61400000,24
0,2,1,2,1,3,12,2,2,4,2,0,3,1,0,2,1,1,0,1,39500000,66
0,0,2,1,2,1,24,2,2,3,2,0,3,1,0,1,1,1,0,1,129000000,21
1,0,1,1,1,4,12,4,2,2,2,0,2,1,1,2,2,1,0,1,12500000,41
1,0,1,2,1,3,12,4,2,2,4,0,2,2,0,2,2,1,0,1,65800000,47
0,1,2,2,2,1,24,2,2,4,2,0,4,3,1,1,2,1,0,1,94100000,25
0,2,2,3,2,1,48,1,4,4,2,0,3,0,0,1,1,1,0,1,321000000,59
1,3,2,3,2,4,24,4,2,2,1,0,4,1,0,2,2,1,1,1,350000000,36
1,2,2,1,2,1,24,3,1,1,3,0,2,3,0,2,1,1,0,1,320000000,33
0,1,1,2,1,1,24,2,2,2,3,0,4,1,0,1,1,2,0,1,99400000,21
1,2,1,2,1,1,12,2,3,4,2,2,2,1,0,2,1,1,0,1,38000000,44
1,0,2,1,2,4,24,2,2,2,2,0,4,3,0,1,1,1,1,1,130000000,28
1,0,2,1,2,1,12,4,3,1,2,0,1,1,0,2,1,2,0,1,169000000,37
0,2,0,1,0,0,36,1,1,3,2,0,2,0,1,2,1,1,0,1,200000000,29
0,2,3,1,3,1,24,2,2,1,2,0,4,3,0,1,2,1,0,1,578000000,23
1,1,1,1,1,2,24,2,2,3,3,0,4,3,0,2,1,2,1,1,219000000,35
1,0,3,1,3,1,12,4,3,1,3,0,3,0,0,2,2,2,1,1,338000000,45
0,2,1,3,1,2,36,0,2,4,2,0,4,3,0,1,2,1,0,1,400000000,26
1,1,2,1,2,2,24,1,3,2,3,0,3,3,1,2,1,1,0,1,116000000,32
1,2,1,2,1,1,12,1,2,4,3,0,4,1,2,2,1,1,0,1,52400000,23
1,0,2,1,2,0,24,2,4,4,3,0,3,2,0,2,1,1,1,1,158000000,41
1,1,2,1,2,3,24,1,2,4,3,0,4,1,2,2,1,1,1,1,124000000,22
1,1,3,3,3,0,48,4,3,4,3,0,4,2,0,2,2,1,1,1,709000000,30
1,1,1,3,1,1,12,4,1,3,3,0,1,2,1,2,2,1,0,1,350000000,28
0,1,2,1,2,1,12,2,0,1,2,0,4,3,0,1,1,1,0,1,126000000,23
0,1,1,1,1,1,12,2,1,3,2,0,1,1,0,2,1,1,0,1,63700000,37
1,0,2,1,2,0,24,2,2,1,3,0,3,3,0,2,1,1,0,1,262000000,26
1,0,2,1,2,1,12,2,3,2,3,0,2,3,0,2,1,1,0,1,151000000,33
1,1,2,2,2,1,12,2,4,2,2,0,1,2,1,2,1,1,1,1,21400000,49
0,1,1,1,1,1,24,2,1,1,2,0,2,3,0,2,1,1,0,1,48800000,23
1,2,1,3,1,2,12,2,3,2,2,0,4,1,0,1,1,1,0,1,350000000,23
1,0,2,1,2,1,36,4,3,4,2,0,2,3,0,2,2,1,0,1,289000000,25
0,0,2,2,2,4,12,3,4,4,3,0,4,0,0,0,2,2,0,1,77800000,55
0,1,2,1,2,0,24,2,3,4,2,0,4,0,0,1,1,1,0,1,64300000,32
0,3,0,1,0,1,12,4,2,1,3,0,1,1,0,2,3,2,0,0,65000000,74
0,3,2,2,2,0,12,4,2,3,3,0,4,0,0,0,2,1,1,1,63600000,39
1,0,2,1,2,1,24,2,2,2,3,2,2,1,0,2,1,1,1,1,69700000,31
0,1,2,1,2,1,12,4,4,4,3,0,3,2,0,2,2,1,0,1,34600000,35
0,0,2,1,2,0,12,4,4,1,2,0,4,3,0,2,1,1,1,1,252000000,59
0,1,2,1,2,1,24,4,2,4,2,0,4,1,0,1,2,1,0,1,106000000,24
1,1,1,1,1,1,12,2,2,4,3,0,3,2,0,2,1,1,0,1,111000000,24
0,0,3,1,3,0,24,4,4,4,3,0,4,0,0,0,1,1,1,1,634000000,30
1,0,2,1,2,2,24,4,3,4,4,0,3,2,0,2,2,1,1,1,123000000,27
1,2,1,2,1,1,12,2,4,3,4,2,3,1,1,2,2,1,0,1,57800000,40
0,1,1,1,1,1,36,2,1,2,1,0,4,2,0,2,1,1,0,1,155000000,31
1,0,2,1,2,0,12,2,1,1,2,0,4,1,0,1,1,1,0,1,145000000,31
1,2,2,1,2,1,12,4,4,1,3,0,4,3,0,1,3,1,1,1,181000000,28
0,0,1,2,1,1,12,4,4,2,3,0,4,1,0,2,2,1,1,1,82800000,63
1,1,2,1,2,0,24,2,4,2,2,0,4,1,0,1,1,1,0,1,141000000,26
0,1,3,3,3,1,36,4,2,3,2,0,2,0,0,2,2,1,1,1,403000000,25
1,0,3,1,3,1,24,4,4,1,3,0,4,3,0,2,1,1,1,1,164000000,36
1,0,2,1,2,2,24,4,4,4,3,0,4,2,1,2,2,1,0,1,111000000,52
0,3,0,1,0,3,12,4,0,2,3,0,4,0,1,0,3,1,0,1,74000000,66
0,1,2,1,2,0,24,2,2,4,2,0,4,1,0,1,1,1,0,1,68600000,25
1,0,2,1,2,1,36,4,3,4,3,0,4,3,0,2,2,1,1,1,177000000,37
1,1,2,1,2,1,24,2,3,4,2,2,1,1,0,2,1,1,0,1,175000000,25
1,0,3,1,3,4,36,4,4,4,3,0,2,3,0,2,2,1,1,1,286000000,38
0,2,2,1,2,1,24,2,0,2,2,0,4,3,0,2,1,1,1,1,194000000,67
0,2,2,1,2,1,36,4,3,2,3,2,2,1,0,2,2,1,0,1,247000000,25
0,0,2,1,2,4,24,4,4,4,3,0,4,1,0,2,1,1,1,1,97000000,60
1,2,1,2,1,1,12,0,2,2,3,0,2,1,0,2,1,1,1,1,70500000,31
0,2,1,1,1,2,12,2,1,4,2,0,2,2,1,2,1,1,0,1,41800000,23
0,2,3,1,3,0,24,2,0,1,1,0,4,1,0,2,1,1,1,1,323000000,60
1,2,1,3,1,4,24,2,2,4,3,0,2,2,0,2,1,1,1,1,350000000,35
1,0,2,1,2,3,24,2,4,3,3,0,4,3,0,2,1,1,0,1,134000000,40
1,0,2,1,2,0,48,4,4,4,3,0,3,3,0,2,2,2,1,1,138000000,38
0,2,2,1,2,1,48,3,4,4,3,0,4,0,0,0,1,1,0,1,311000000,50
0,1,2,1,2,1,48,4,2,4,3,0,3,0,1,2,1,1,1,1,300000000,27
0,2,2,3,2,1,24,2,4,2,2,0,4,2,0,2,1,2,0,1,350000000,39
1,0,3,1,3,0,24,2,4,3,3,0,4,3,0,2,1,2,1,1,316000000,41
1,0,2,2,2,0,12,4,2,1,4,0,2,2,0,2,2,1,0,1,61100000,27
1,3,2,1,2,1,24,2,4,3,1,0,4,0,0,0,1,1,0,1,145000000,51
1,0,2,1,2,3,24,2,4,4,3,0,3,0,0,1,1,1,1,1,153000000,32
1,0,2,1,2,2,12,2,1,2,2,0,4,2,0,1,1,1,0,1,115000000,22
0,1,2,1,2,0,24,2,4,1,3,0,4,2,0,0,1,2,1,1,376000000,51
1,0,1,2,1,1,12,4,1,2,2,0,4,2,0,1,2,1,0,1,62900000,22
0,0,2,1,2,0,24,3,4,4,4,0,4,3,0,2,2,1,1,1,35900000,54
0,2,0,1,0,0,12,2,1,4,3,0,2,1,0,2,1,1,0,1,77500000,35
0,0,2,2,2,1,24,4,4,4,3,0,4,0,0,0,2,2,0,1,79900000,54
1,2,1,2,1,1,24,4,4,3,2,2,4,1,1,1,2,1,1,1,89800000,48
1,1,2,1,2,1,24,4,4,1,2,0,4,2,0,2,2,1,0,1,214000000,24
1,0,2,2,2,0,12,4,4,4,3,0,4,3,0,2,2,1,0,1,48800000,35
0,2,0,1,0,0,12,2,0,1,2,0,2,1,0,1,1,1,0,1,374000000,24
0,1,2,1,2,1,36,2,3,2,3,0,1,3,0,2,1,1,1,1,464000000,24
1,2,1,2,1,1,12,2,1,3,4,0,3,1,0,2,1,1,0,0,29500000,26
0,0,2,2,2,0,12,4,4,4,3,0,4,1,0,2,4,1,0,1,46500000,65
0,2,3,1,3,1,48,1,0,1,3,0,2,0,1,0,1,1,1,1,464000000,55
0,2,0,1,0,1,12,0,1,2,2,0,1,1,0,1,2,1,0,1,88900000,26
1,2,2,3,2,1,12,2,1,3,4,0,2,1,0,2,1,1,1,1,350000000,26
1,2,1,2,1,1,12,2,3,3,4,2,3,1,1,2,1,1,0,1,24200000,28
0,1,2,1,2,1,36,4,3,4,3,0,4,3,0,2,2,1,1,1,481000000,24
0,1,2,1,2,1,48,2,2,3,3,0,4,3,0,2,1,1,0,1,153000000,54
0,1,2,1,2,1,48,2,3,4,3,0,4,0,0,0,1,2,0,1,197000000,46
0,2,2,1,2,1,36,3,2,2,2,0,2,2,0,1,1,1,0,1,372000000,54
0,0,2,2,2,3,12,2,2,1,1,0,4,1,0,2,1,1,0,1,66900000,62
1,0,2,2,2,1,12,4,3,1,2,0,2,3,0,1,2,1,1,1,77700000,24
0,1,3,3,3,1,36,2,0,2,1,1,3,3,0,2,1,1,0,1,793000000,43
0,1,2,2,2,1,24,2,2,4,4,0,3,1,1,2,1,1,0,1,67300000,26
1,0,2,1,2,1,12,2,2,3,4,0,2,1,0,2,2,1,1,1,55100000,27
1,3,2,1,2,1,12,2,2,3,4,0,1,3,0,2,1,1,0,1,151000000,24
0,1,2,1,2,1,36,2,4,2,3,0,2,2,1,2,1,2,0,1,136000000,41
1,1,1,1,1,1,12,4,4,4,3,0,4,1,0,2,2,1,0,1,36600000,47
1,0,3,1,3,1,24,4,1,3,1,0,2,3,0,2,2,1,1,1,189000000,35
1,1,2,1,2,1,24,4,4,4,4,0,3,3,0,2,2,1,1,1,80100000,30
0,1,2,1,2,1,24,4,4,1,2,0,4,1,1,1,3,1,1,1,198000000,33
0,0,2,3,2,1,24,0,2,2,3,0,2,3,2,2,2,2,0,1,400000000,36
0,1,2,1,2,0,36,2,4,3,3,0,4,0,0,0,1,1,0,1,417000000,47
1,2,2,3,2,0,48,3,2,4,3,0,4,0,0,0,1,2,1,1,334000000,38
1,0,2,3,2,3,24,3,2,4,3,0,2,3,0,2,2,2,1,1,385000000,44
0,1,2,1,2,1,24,2,1,4,2,0,3,3,0,1,1,1,1,1,60800000,23
0,1,2,3,2,1,48,0,4,2,3,0,4,3,0,1,2,1,0,1,591000000,29
1,2,2,1,2,0,24,2,4,2,2,0,4,3,0,2,1,1,1,1,254000000,42
0,3,1,1,1,1,12,2,1,2,2,0,3,1,0,2,1,1,0,1,116000000,25
0,1,2,1,2,1,12,0,2,4,3,0,4,3,1,2,2,1,0,1,54100000,48
1,0,2,2,2,0,12,2,2,4,2,0,2,3,0,2,1,1,0,1,44300000,21
1,0,1,2,1,1,12,2,1,1,2,0,3,1,0,1,1,2,0,1,30100000,23
0,1,2,1,2,1,24,4,4,4,3,0,4,2,0,2,2,1,1,1,148000000,63
1,0,2,1,2,1,24,4,4,4,4,1,3,1,0,2,2,1,0,1,131000000,46
0,1,2,1,2,1,36,2,3,4,3,0,2,2,0,2,1,1,0,1,259000000,29
1,0,1,1,1,1,24,3,2,3,3,0,2,1,2,2,2,1,0,1,150000000,28
0,0,2,2,2,1,24,2,1,4,2,0,4,1,0,2,1,1,0,1,97200000,23
1,0,2,3,2,1,24,1,3,4,3,0,4,3,1,2,1,1,1,1,350000000,50
1,0,2,1,2,1,24,2,4,4,3,0,4,2,1,2,3,2,1,1,171000000,47
1,2,2,1,2,0,24,2,3,2,3,0,3,3,0,2,1,1,1,1,199000000,35
0,0,2,1,2,0,24,2,2,2,3,0,4,3,0,1,2,1,0,1,338000000,68
1,0,2,1,2,1,24,2,1,4,4,0,2,1,0,2,1,1,0,1,62500000,28
0,1,2,2,2,1,12,2,3,3,3,0,4,1,0,2,1,1,0,1,68200000,59
0,1,1,2,1,1,12,2,4,4,3,0,4,1,2,2,1,1,0,1,35500000,57
0,1,2,1,2,1,24,4,2,4,4,2,2,2,1,1,2,1,0,0,112000000,33
1,0,2,1,2,0,24,4,3,3,3,0,4,2,0,2,2,1,1,1,202000000,43
1,0,2,2,2,1,12,4,2,4,3,0,4,0,0,0,2,1,1,1,73600000,35
0,1,1,1,1,1,24,1,3,4,3,0,4,0,0,0,2,2,0,1,72100000,32
1,0,2,1,2,1,36,3,4,2,3,0,2,3,0,2,2,2,1,1,544000000,45
1,0,2,1,2,2,24,2,1,4,4,0,3,1,0,2,1,1,1,1,73700000,33
1,0,2,2,2,0,12,2,3,4,2,0,3,2,0,2,1,1,1,1,44700000,40
1,0,2,1,2,1,12,4,2,4,3,0,2,0,0,0,1,1,1,1,167000000,28
0,1,2,1,2,1,12,2,2,3,2,0,2,2,0,2,1,1,1,1,198000000,29
1,0,2,1,2,2,12,2,2,1,3,2,2,1,0,1,1,2,0,0,179000000,26
1,0,2,1,2,4,24,4,2,4,3,0,2,1,0,2,2,1,0,1,290000000,27
0,0,2,3,2,1,24,3,2,4,4,0,2,3,0,2,1,1,1,1,385000000,28
0,1,2,1,2,1,24,2,1,4,2,0,4,1,0,2,1,1,1,1,122000000,35
1,0,1,1,1,4,24,4,1,4,3,0,2,1,2,2,2,2,1,1,226000000,32
0,0,1,1,1,1,12,2,2,2,3,0,2,1,1,1,1,1,0,1,111000000,25
0,0,2,1,2,3,12,2,2,2,2,0,4,3,0,1,1,1,0,1,111000000,20
1,1,2,1,2,1,24,2,1,4,2,0,1,3,2,2,1,1,0,1,119000000,27
1,0,2,1,2,1,12,4,4,2,3,0,4,2,2,2,1,1,0,1,167000000,42
1,0,2,3,2,0,36,2,4,3,3,0,2,2,0,2,2,1,0,1,370000000,37
1,1,2,2,2,1,12,2,4,4,2,0,4,2,0,1,1,1,0,1,32600000,24
1,0,2,1,2,3,36,3,3,2,2,0,4,3,0,2,2,1,1,1,384000000,40
1,3,2,1,2,1,12,4,4,1,3,0,4,1,0,2,2,2,0,0,67200000,46
1,1,2,3,2,2,24,4,3,4,3,0,1,1,0,2,2,1,1,1,350000000,26
1,0,2,2,2,0,12,2,1,4,2,0,1,1,0,2,1,1,0,1,43700000,24
1,1,1,1,1,1,12,2,2,2,3,1,2,2,0,2,1,2,0,1,180000000,29
1,2,2,1,2,4,12,4,2,4,2,0,4,3,0,2,2,1,0,1,66100000,40
1,1,3,2,3,1,24,1,1,3,3,1,4,0,1,0,1,1,1,1,97000000,36
1,0,2,1,2,1,36,2,4,4,3,0,2,3,0,2,1,1,0,1,180000000,28
0,1,3,1,3,1,12,2,1,3,3,0,2,0,0,0,1,1,1,1,71100000,27
1,0,2,1,2,0,36,4,3,2,3,0,3,2,0,2,2,1,0,1,337000000,36
1,0,3,1,3,1,24,2,3,3,3,0,3,3,0,2,1,1,1,1,391000000,38
1,0,2,1,2,0,24,2,2,2,1,0,4,0,0,0,1,1,1,1,464000000,48
1,2,2,1,2,0,36,4,4,4,3,0,4,1,0,2,2,1,0,1,109000000,36
0,0,0,2,0,1,24,4,0,4,2,0,4,3,0,2,2,1,0,1,54900000,65
0,2,2,1,2,1,24,2,3,3,1,0,3,3,0,2,1,1,1,1,203000000,43
0,1,2,2,2,1,12,2,1,4,2,0,4,2,0,2,1,1,0,1,39800000,53
1,2,2,3,2,0,24,4,3,4,3,0,3,0,0,2,2,2,1,1,385000000,34
0,2,2,3,2,1,48,2,2,2,3,0,2,3,0,2,1,1,1,1,784000000,23
1,0,3,1,3,1,36,4,4,4,3,0,4,3,0,2,2,1,1,1,331000000,34
1,0,2,1,2,0,24,1,1,3,3,2,4,1,1,1,2,2,1,1,391000000,40
1,1,3,3,3,1,24,4,4,4,3,0,4,3,2,2,4,2,1,1,385000000,43
1,0,2,2,2,1,12,4,4,4,3,0,4,3,0,2,2,1,1,1,91500000,46
1,1,1,1,1,1,12,4,2,4,3,0,4,2,1,2,2,1,0,0,109000000,38
1,2,2,1,2,1,36,4,2,3,3,0,4,3,0,2,2,1,1,1,290000000,34
1,0,2,2,2,0,24,4,2,4,3,0,3,2,0,2,2,1,1,1,58500000,29
1,0,3,1,3,0,36,3,3,3,3,0,2,3,2,2,1,2,1,1,447000000,31
1,1,3,1,3,1,24,2,1,4,2,0,4,2,0,1,1,1,1,1,130000000,28
1,0,2,2,2,4,12,4,3,3,2,0,2,2,0,2,1,1,0,0,79600000,35
1,0,1,1,1,0,12,2,3,1,2,0,4,1,1,1,1,1,0,1,109000000,33
0,1,2,1,2,1,24,2,2,2,3,1,3,3,0,2,1,1,0,1,208000000,42
0,1,2,1,2,1,12,4,4,2,3,2,4,2,1,1,1,1,1,1,131000000,43
1,0,2,1,2,0,24,4,1,2,1,0,4,1,0,2,2,1,1,1,174000000,44
1,0,2,1,2,0,36,4,4,2,3,0,4,0,0,0,2,1,0,1,524000000,42
1,0,2,2,2,0,12,2,2,4,4,0,2,1,0,1,1,1,1,1,69300000,40
1,0,3,2,3,1,24,2,4,4,3,0,1,1,0,2,1,1,1,1,63900000,36
0,1,3,2,3,1,12,2,2,2,3,0,2,1,0,1,1,2,1,1,55400000,20
1,1,1,1,1,0,24,2,3,2,3,1,2,1,0,2,1,1,0,0,188000000,24
1,2,2,1,2,0,36,2,2,2,4,0,2,3,0,2,1,1,0,1,186000000,27
1,0,1,1,1,1,12,3,1,1,2,0,2,2,0,2,2,1,0,1,180000000,46
1,2,1,1,1,0,12,2,2,1,2,0,2,1,0,2,1,1,0,1,160000000,33
1,0,2,1,2,1,36,3,2,4,2,0,4,1,0,2,2,1,0,1,223000000,34
0,2,1,1,1,1,24,4,1,2,2,0,4,3,1,2,1,1,0,1,237000000,25
1,2,2,1,2,0,36,2,4,2,2,0,4,3,0,2,1,1,0,1,150000000,25
1,0,2,3,2,4,12,2,4,1,1,0,2,1,0,2,1,1,1,1,385000000,28
0,1,2,3,2,1,24,1,2,4,3,0,2,2,0,1,1,1,1,1,385000000,31
0,2,3,3,3,1,48,0,2,1,2,0,2,2,1,2,1,1,1,0,921000000,32
1,0,2,1,2,2,12,2,2,1,3,1,2,1,0,2,1,2,0,1,142000000,32
0,1,3,1,3,1,12,2,4,1,3,0,4,0,1,2,1,1,1,1,745000000,68
0,1,2,1,2,2,24,2,0,1,1,0,1,2,0,2,1,1,0,1,118000000,33
0,1,3,1,3,1,24,2,4,4,3,0,2,2,0,1,1,1,1,1,167000000,39
1,0,2,2,2,1,24,4,2,4,2,0,2,0,0,2,2,1,0,1,90900000,28
1,0,3,3,3,3,48,3,3,4,3,0,1,3,0,2,1,1,1,1,637000000,37
0,1,2,2,2,1,12,2,1,3,2,0,4,2,0,1,1,1,0,1,68300000,22
1,2,2,1,2,1,12,2,3,3,3,0,4,2,0,1,1,2,1,1,100000000,30
0,1,2,1,2,1,24,1,1,2,1,0,1,2,1,2,1,1,1,1,344000000,55
0,1,2,1,2,1,12,1,1,4,3,0,2,3,1,2,2,1,1,1,34900000,46
1,1,2,2,2,1,24,4,1,4,2,0,4,2,0,1,1,1,0,1,52500000,21
0,1,2,1,2,1,48,2,3,4,3,0,4,0,2,0,3,2,1,1,515000000,39
0,0,2,2,2,0,36,2,4,4,3,0,4,3,0,2,1,1,1,1,93400000,58
1,1,1,1,1,1,12,3,2,4,3,0,2,1,0,2,2,2,0,1,67200000,43
1,1,1,2,1,1,24,2,1,4,3,1,1,2,0,2,1,1,0,0,87400000,24
0,2,2,2,2,1,12,2,1,4,2,0,2,3,0,2,1,1,1,1,83500000,22
1,0,2,1,2,1,12,4,2,3,3,0,1,1,0,2,2,1,0,1,61200000,30
1,0,2,2,2,3,12,4,4,4,3,0,4,2,0,2,2,2,1,1,26100000,42
1,1,2,2,2,1,12,2,2,4,2,0,1,3,1,2,1,1,0,1,74900000,23
0,2,3,2,3,2,36,3,1,4,3,0,3,0,2,2,2,1,0,1,96000000,30
0,3,1,2,1,1,12,2,2,3,2,0,2,1,0,2,1,1,0,1,37300000,28
1,2,3,1,3,1,12,2,1,4,4,0,3,3,0,1,1,1,1,1,103000000,30
0,2,2,1,2,1,60,2,2,4,3,0,4,0,0,0,1,1,0,1,314000000,42
1,0,3,1,3,0,24,4,2,2,3,0,4,2,0,2,2,2,1,1,342000000,46
1,0,3,1,3,0,12,2,1,2,3,0,3,2,0,2,1,2,1,1,176000000,45
1,0,1,1,1,1,12,2,2,3,3,0,2,1,0,2,1,2,0,0,77300000,31
1,0,2,2,2,0,24,2,3,4,3,0,2,3,2,2,1,1,1,1,46500000,31
1,0,1,1,1,1,12,4,3,2,3,0,1,1,0,2,3,2,0,1,72800000,42
1,1,2,2,2,1,12,2,1,4,2,2,1,2,0,1,1,1,0,1,92300000,46
1,2,2,1,2,3,48,0,1,1,2,0,1,3,0,2,2,1,0,1,418000000,30
0,1,2,1,2,3,24,1,1,4,3,0,4,0,0,0,1,2,1,1,167000000,30
0,0,3,1,3,0,12,2,0,4,3,0,4,0,0,2,1,1,1,1,143000000,38
0,0,1,2,1,1,24,2,1,4,4,1,1,2,0,2,1,2,0,1,76700000,43
0,0,2,1,2,2,24,2,4,2,3,0,4,3,0,2,2,1,0,1,181000000,31
0,2,0,3,0,1,24,4,0,3,4,0,3,3,0,2,3,2,1,1,385000000,40
0,1,2,3,2,1,36,3,3,2,3,0,1,3,0,2,2,1,1,1,385000000,24
0,2,2,1,2,3,24,2,1,3,2,0,4,3,0,1,1,1,0,1,206000000,28
0,0,3,3,3,1,36,2,0,4,2,0,2,3,0,2,2,1,1,1,549000000,26
1,1,2,1,2,1,12,2,2,4,2,2,4,2,0,2,1,1,1,1,94700000,29
0,1,3,2,3,4,24,4,4,4,2,0,4,2,0,1,2,1,1,1,61600000,57
1,3,1,1,1,0,36,4,4,4,3,0,4,2,2,2,2,1,0,1,183000000,49
1,2,1,2,1,1,12,4,4,2,3,0,4,1,0,2,3,1,0,1,57700000,37
0,1,1,1,1,1,24,2,2,3,3,0,2,3,0,2,1,1,0,1,200000000,45
1,2,2,1,2,2,24,2,4,4,3,0,4,0,0,0,1,1,0,1,153000000,30
1,0,2,2,2,1,12,4,4,2,4,0,2,1,0,1,2,1,0,1,87000000,30
1,2,2,1,2,1,24,3,2,1,1,0,4,2,0,2,2,1,0,1,118000000,47
1,0,2,1,2,0,12,2,2,3,3,0,2,0,0,2,1,1,0,1,178000000,29
0,0,2,1,2,3,24,2,4,3,3,0,2,3,1,2,2,1,1,1,120000000,35
1,2,1,2,1,1,12,2,1,3,4,0,1,2,0,2,1,1,0,1,22700000,22
1,2,2,2,2,0,36,2,2,4,2,0,1,3,0,2,1,1,0,1,85800000,26
0,2,1,1,1,3,24,4,2,4,3,0,2,2,0,2,2,1,0,1,126000000,23
0,0,3,1,3,1,12,2,4,4,2,0,2,3,1,1,1,1,1,1,178000000,54
1,0,2,1,2,0,48,2,3,2,4,0,4,2,0,1,1,1,1,1,358000000,29
1,1,1,1,1,1,12,4,2,1,3,0,2,1,0,2,2,2,0,1,197000000,40
1,2,2,2,2,2,12,2,2,4,3,2,2,1,0,2,1,1,0,1,75700000,22
1,0,1,1,1,1,24,2,2,1,3,0,4,2,0,2,1,2,0,1,370000000,43
0,1,0,1,0,1,24,1,0,1,2,1,4,0,0,1,2,1,0,1,59700000,29
0,1,2,3,2,1,60,2,4,4,3,1,4,0,0,1,1,1,0,1,365000000,36
1,0,2,1,2,1,36,4,2,4,2,0,2,3,0,2,1,1,1,1,142000000,33
0,3,1,2,1,3,24,2,2,3,2,0,3,3,0,2,1,1,0,1,62900000,57
0,2,2,2,2,1,12,2,2,2,2,2,3,1,0,2,1,1,0,1,37700000,64
1,2,2,3,2,0,24,3,4,4,3,0,2,2,0,2,2,1,0,1,385000000,42
0,0,1,1,1,1,24,3,4,4,3,0,4,3,0,2,2,2,0,1,127000000,47
0,2,2,1,2,2,12,1,2,2,4,0,2,2,0,1,1,1,0,1,63200000,25
0,2,2,3,2,1,36,4,3,2,3,0,2,2,0,2,1,1,0,1,419000000,49
0,0,3,3,3,1,48,2,0,3,3,0,2,3,1,1,1,1,1,1,400000000,33
1,3,3,1,3,2,24,2,2,1,2,0,1,3,1,2,1,1,1,1,146000000,28
0,1,2,1,2,1,36,2,2,2,3,0,2,2,0,2,1,2,0,1,411000000,26
1,0,1,1,1,1,24,4,3,2,3,0,2,2,0,2,2,1,0,1,101000000,30
1,1,2,2,2,1,12,4,2,4,2,0,3,2,0,1,2,1,0,1,71700000,25
1,3,2,3,2,1,48,0,1,2,1,0,1,2,0,2,2,1,0,1,314000000,33
0,0,2,2,2,2,12,2,0,2,2,0,4,1,0,2,1,1,0,1,70500000,64
0,1,3,1,3,1,24,2,0,4,3,0,2,0,0,0,1,1,1,1,329000000,29
1,2,1,2,1,1,24,4,4,4,3,0,2,2,0,2,2,1,0,1,87200000,48
1,0,1,1,1,0,12,4,1,2,3,0,1,2,0,2,2,2,0,1,178000000,37
1,0,1,2,1,2,12,1,4,4,3,0,4,3,1,2,1,2,0,1,78500000,34
1,1,1,2,1,0,24,2,3,2,4,0,4,3,0,1,2,1,0,1,96800000,23
0,1,3,1,3,1,36,2,0,4,3,0,3,2,0,2,1,1,1,1,198000000,30
1,0,2,1,2,0,12,2,4,4,3,0,3,3,0,2,1,1,1,1,120000000,50
1,0,1,2,1,1,12,2,3,3,2,0,4,1,0,2,1,1,0,1,86800000,31
1,1,3,1,3,1,36,2,2,4,1,0,4,2,0,2,1,1,1,1,193000000,40
1,0,2,2,2,1,12,2,4,4,3,0,4,3,0,2,1,1,0,1,40200000,38
0,1,2,2,2,1,48,2,2,4,3,0,4,0,0,0,1,1,1,1,92300000,23
0,2,2,1,2,2,48,4,0,3,3,0,4,3,0,2,1,1,0,1,229000000,27